team__displayName,team__abbrName,team__logoId,player__position,player__rosterId,player__fullName,player__yearsPro,player__injuryLength,player__portraitId,player__jerseyNum,gamesPlayed,fantasy_points,defTotalCatchAllowed,defTotalDeflections,defTotalForcedFum,defTotalFumRec,defTotalInts,defTotalIntReturnYds,defTotalSacks,defTotalSafeties,defTotalTDs,defTotalTackles
49ers,SF,14,LOLB,551028620,Eric Clarke,0,0,10353,40,8,27.00,1,4,0,0,0,0,2.00,0,0,23.00
49ers,SF,14,MLB,551027912,LiAngelo Daniels,0,0,4084,16,13,46.00,10,5,0,0,3,40,1.00,0,0,35.00
49ers,SF,14,CB,551027265,Sergio Crowther,0,0,3965,27,7,8.00,0,0,0,0,0,0,0.00,0,0,8.00
49ers,SF,14,LE,551029614,Sidney Leonard,0,0,10352,90,3,5.00,0,0,0,0,0,0,1.50,0,0,2.00
49ers,SF,14,DT,551027440,Damarious Adams,1,0,10351,93,4,11.00,0,0,0,0,0,0,3.00,0,0,5.00
49ers,SF,14,DT,551026752,Kenny Lawrence,1,0,4076,78,9,16.00,0,0,0,0,0,0,2.00,0,0,12.00
49ers,SF,14,ROLB,551027950,Matt Alford,2,0,10337,99,1,2.00,0,0,0,0,0,0,0.00,0,0,2.00
49ers,SF,14,LOLB,551028642,Steve Castonzo,2,0,3384,56,4,14.00,0,0,0,1,0,0,2.00,0,1,4.00
49ers,SF,14,RE,551027989,Adisa Isaac,3,6,10114,96,9,21.00,1,1,1,0,0,0,3.00,0,0,12.00
49ers,SF,14,CB,551028140,Jarrian Jones,3,0,10133,22,11,38.00,4,8,0,0,2,5,1.50,0,0,29.00
49ers,SF,14,LE,551028746,Ruke Orhorhoro,3,0,10202,98,9,35.00,0,0,0,1,1,0,5.50,0,1,15.00
49ers,SF,14,CB,551029446,DJ Turner II,4,0,2438,21,12,31.00,6,5,0,0,1,38,0.50,0,0,27.00
49ers,SF,14,SS,551027937,Jordan Howden,4,0,2213,31,6,6.00,1,1,0,0,0,0,0.00,0,0,6.00
49ers,SF,14,RE,551027852,Nick Herbig,4,0,2204,52,1,1.00,0,0,0,0,0,0,0.00,0,0,1.00
49ers,SF,14,CB,551027501,Caleb Farley,6,0,1345,3,12,43.00,3,7,0,1,2,25,0.00,0,0,37.00
49ers,SF,14,ROLB,551028758,Odafe Oweh,6,0,1602,50,4,6.00,0,1,0,0,0,0,0.50,0,0,5.00
49ers,SF,14,SS,551026909,Julian Blackmon,7,0,97,32,13,43.00,2,5,1,0,1,10,0.00,0,0,37.00
49ers,SF,14,MLB,551027713,Dre Greenlaw,8,0,9480,58,12,43.00,1,3,2,2,0,0,4.50,0,0,28.00
49ers,SF,14,FS,551029710,Xavier Woods,10,0,8789,25,13,37.00,2,5,3,1,2,51,0.00,0,0,22.00
Bears,CHI,0,ROLB,551028709,Bruce Parsons,0,0,4207,49,6,14.00,1,1,1,0,1,13,0.00,0,0,8.00
Bears,CHI,0,ROLB,551027459,Bryce Gold,0,0,3765,48,4,5.00,0,0,0,1,0,0,0.00,0,0,5.00
Bears,CHI,0,DT,551029471,Matthew Rutledge,0,0,3611,98,8,21.00,0,1,1,0,0,0,2.50,0,0,13.00
Bears,CHI,0,ROLB,551028910,Abdul Hopkins,1,0,3926,17,4,4.00,0,0,0,0,0,0,0.00,0,0,4.00
Bears,CHI,0,LOLB,551027779,George Samuel,1,0,3851,45,1,1.00,0,0,0,0,0,0,0.00,0,0,1.00
Bears,CHI,0,MLB,551027627,Harold Barker,1,0,3842,0,12,56.00,8,5,1,0,4,28,0.50,0,0,40.00
Bears,CHI,0,SS,551028291,Joel Spears,2,0,3943,1,8,10.00,0,3,1,0,0,0,0.00,0,0,7.00
Bears,CHI,0,FS,551028603,Lamar Forsett,2,0,3468,21,12,73.00,3,9,2,2,8,142,0.00,0,1,37.00
Bears,CHI,0,CB,551028135,Elijah Jones,3,0,10132,28,7,17.00,2,1,0,0,1,48,0.00,0,1,8.00
Bears,CHI,0,SS,551026974,Brian Branch,4,0,1719,32,13,55.00,6,8,2,2,3,33,2.00,0,0,36.00
Bears,CHI,0,DT,551027351,Gervon Dexter,4,0,2108,99,9,18.00,0,0,0,0,0,0,3.00,0,0,12.00
Bears,CHI,0,FS,551026896,Jarrick Bernard-Converse,4,0,2831,30,1,2.00,0,0,0,0,0,0,0.00,0,0,2.00
Bears,CHI,0,CB,551029250,Tyrique Stevenson,4,0,2411,24,12,70.00,7,9,1,0,6,344,0.00,0,2,37.00
Bears,CHI,0,RE,551028465,Will McDonald IV,4,0,2303,93,6,19.00,0,4,1,0,0,0,3.00,0,0,10.00
Bears,CHI,0,LE,551028060,Jermaine Johnson II,5,0,1782,91,10,25.00,0,2,0,0,0,0,5.50,0,0,14.00
Bears,CHI,0,CB,551027452,Kaiir Elam,5,0,1561,23,12,33.00,3,4,0,0,3,68,0.00,0,0,24.00
Bears,CHI,0,CB,551027679,Kyler Gordon,5,0,1738,6,13,27.00,5,6,0,0,1,3,0.00,0,0,24.00
Bears,CHI,0,LOLB,551027151,Leo Chenal,5,0,1269,54,13,74.00,12,11,0,1,5,122,0.00,0,1,53.00
Bears,CHI,0,DT,551028699,Osa Odighizuwa,6,0,894,97,3,14.00,0,0,1,1,0,0,2.50,0,0,6.00
Bears,CHI,0,CB,551027036,Tre Brown,6,0,2973,22,5,5.00,0,0,0,0,0,0,0.00,0,0,5.00
Bengals,CIN,1,FS,551028947,Miles Ridley,0,0,3870,28,3,4.00,0,0,0,0,0,0,0.00,0,0,4.00
Bengals,CIN,1,MLB,551029701,Benjamin Prince,1,0,3522,59,1,1.00,0,0,0,0,0,0,0.00,0,0,1.00
Bengals,CIN,1,RE,551027580,Corey Burton,1,0,3939,43,8,23.00,0,0,0,0,0,0,2.00,0,0,19.00
Bengals,CIN,1,SS,551027536,Dalton Kelly,1,0,3766,25,4,2.00,3,1,0,0,0,0,0.00,0,0,2.00
Bengals,CIN,1,CB,551028583,Keenan Searcy,1,0,3657,32,12,64.00,23,7,1,0,6,64,0.00,0,0,43.00
Bengals,CIN,1,CB,551027419,Trevante Oden,1,0,10355,49,1,1.00,0,0,0,0,0,0,0.00,0,0,1.00
Bengals,CIN,1,MLB,551028877,Chris Gonzalez,2,0,3943,55,4,10.00,6,3,0,0,0,0,0.00,0,0,10.00
Bengals,CIN,1,FS,551027056,Calen Bullock,3,0,10025,41,13,49.00,17,7,0,0,1,19,0.00,0,0,46.00
Bengals,CIN,1,RE,551028074,Cedric Johnson,3,0,10126,90,8,18.00,0,0,0,0,0,0,2.50,0,0,13.00
Bengals,CIN,1,LOLB,551029775,Curtis Jacobs,3,0,10119,29,5,5.00,0,0,0,0,0,0,0.00,0,0,5.00
Bengals,CIN,1,LE,551028994,Darius Robinson,3,0,10230,91,10,32.00,0,2,2,0,0,0,3.50,0,0,19.00
Bengals,CIN,1,LOLB,551027550,Jaylan Ford,3,0,10075,40,8,10.00,2,1,0,0,0,0,1.00,0,0,8.00
Bengals,CIN,1,DT,551029191,Maason Smith,3,0,10250,94,9,18.00,0,5,0,0,0,0,2.50,0,0,13.00
Bengals,CIN,1,ROLB,551027842,Daiyan Henley,4,5,2186,53,11,36.00,9,12,0,0,0,0,1.50,0,0,33.00
Bengals,CIN,1,ROLB,551028081,DJ Johnson,4,0,2235,42,6,8.00,4,0,0,0,0,0,0.00,0,0,8.00
Bengals,CIN,1,MLB,551028764,Ivan Pace Jr,4,0,2346,0,13,69.00,28,6,0,1,0,0,3.50,0,0,62.00
Bengals,CIN,1,CB,551028974,Kelee Ringo,4,0,2369,22,8,14.00,6,2,0,0,0,0,0.00,0,0,14.00
Bengals,CIN,1,CB,551027876,Daxton Hill,5,0,1766,23,12,39.00,14,5,0,0,2,37,1.00,0,0,31.00
Bengals,CIN,1,SS,551028170,Kerby Joseph,5,0,1792,31,12,48.00,10,11,0,0,0,0,1.00,0,0,46.00
Bengals,CIN,1,LE,551029649,Sam Williams,5,0,2037,54,7,11.00,0,2,0,1,0,0,2.00,0,0,7.00
Bengals,CIN,1,CB,551027119,Michael Carter II,6,0,1348,30,13,40.00,17,7,0,0,0,0,0.00,0,0,40.00
Bengals,CIN,1,DT,551028282,Dexter Lawrence II,8,0,9548,97,7,26.00,0,2,0,0,0,0,3.50,0,0,19.00
Bills,BUF,2,MLB,551029651,Amari Knighton,0,0,3851,47,12,63.00,4,6,1,1,5,370,2.00,0,2,29.00
Bills,BUF,2,CB,551027076,Donovan Williams,0,0,3468,39,8,24.00,8,5,0,0,1,14,0.00,0,0,21.00
Bills,BUF,2,DT,551028408,Duane Devine,0,0,4076,92,4,9.00,0,0,0,0,0,0,2.50,0,0,4.00
Bills,BUF,2,ROLB,551027680,Justin Hills,0,0,3937,56,1,1.00,0,0,0,0,0,0,0.00,0,0,1.00
Bills,BUF,2,LE,551027853,George Taylor,1,0,10352,96,3,3.00,0,0,0,0,0,0,0.50,0,0,2.00
Bills,BUF,2,CB,551027694,Kendrick Ryans,1,0,3367,14,11,40.00,0,7,1,0,2,253,2.00,0,0,27.00
Bills,BUF,2,DT,551027504,Kevin Roundtree,1,0,3480,74,1,1.00,0,0,0,0,0,0,0.00,0,0,1.00
Bills,BUF,2,FS,551027545,Tremaine Jones,1,0,3965,28,13,54.00,2,9,0,1,5,315,0.00,0,1,33.00
Bills,BUF,2,LOLB,551026844,Tyler Olson,1,0,3370,49,5,10.00,3,0,0,0,0,0,0.50,0,0,9.00
Bills,BUF,2,CB,551028377,Leo Jackson,2,0,3349,3,8,33.00,3,3,1,0,3,95,1.00,0,0,19.00
Bills,BUF,2,CB,551027769,Daequan Hardy,3,0,10099,37,2,2.00,0,0,0,0,0,0,0.00,0,0,2.00
Bills,BUF,2,CB,551028965,Decamerion Richardson,3,0,10227,38,4,10.00,5,2,0,0,0,0,0.00,0,0,10.00
Bills,BUF,2,SS,551028727,Kitan Oladapo,3,0,10201,26,6,14.00,0,3,0,0,0,0,2.50,0,0,9.00
Bills,BUF,2,DT,551028185,Calijah Kancey,4,0,2275,94,10,35.00,0,1,0,0,0,0,10.50,0,0,14.00
Bills,BUF,2,CB,551026889,Jakorian Bennett,4,0,1421,23,4,8.00,0,3,0,1,0,0,0.00,0,1,2.00
Bills,BUF,2,MLB,551029105,Noah Sewell,4,0,2390,44,6,8.00,1,1,0,0,0,0,0.00,1,0,6.00
Bills,BUF,2,MLB,551029393,Channing Tindall,5,0,1986,41,1,1.00,0,0,0,0,0,0,0.00,0,0,1.00
Bills,BUF,2,DT,551029734,Devonte Wyatt,5,0,2059,91,4,16.00,0,2,0,1,0,0,2.50,0,1,5.00
Bills,BUF,2,RE,551028996,Dominique Robinson,5,0,1921,95,2,6.00,0,0,0,0,0,0,2.00,0,0,2.00
Bills,BUF,2,FS,551029357,Juanyeh Thomas,5,0,1977,22,8,23.00,0,2,0,0,4,29,1.50,0,0,8.00
Bills,BUF,2,CB,551027613,Sauce Gardner,5,0,1712,31,8,27.00,3,3,0,0,2,75,0.00,0,1,15.00
Bills,BUF,2,LE,551029517,Travon Walker,5,0,2008,99,13,46.00,0,0,0,2,1,66,9.50,0,1,18.00
Bills,BUF,2,RE,551028779,Micah Parsons,6,0,1058,11,12,54.00,0,4,2,0,1,37,13.00,0,0,19.00
Bills,BUF,2,ROLB,551028961,Monty Rice,6,0,932,59,2,2.00,0,0,0,0,0,0,0.00,0,0,2.00
Bills,BUF,2,SS,551028569,Smoke Monday,6,0,1855,30,11,34.00,1,8,2,0,1,6,0.00,0,0,25.00
Broncos,DEN,3,FS,551028688,Johnny Jackson,0,0,10329,22,12,78.00,12,5,1,0,10,442,2.00,0,1,35.00
Broncos,DEN,3,LE,551029442,Trent Jordan,0,0,3365,98,9,30.00,0,0,0,1,2,31,3.50,0,0,17.00
Broncos,DEN,3,LE,551029474,Bryce Terrell,1,0,3768,95,13,49.00,0,2,0,0,0,0,9.00,0,0,31.00
Broncos,DEN,3,FS,551028637,Darin Johnson,1,0,10330,27,13,42.00,11,4,0,0,1,5,0.00,0,0,39.00
Broncos,DEN,3,ROLB,551027376,DeSean Wilber,1,0,3402,45,11,34.00,5,1,0,2,1,39,4.00,0,1,17.00
Broncos,DEN,3,CB,551029289,Dexter Valentine,1,0,3769,25,9,37.00,8,3,0,0,5,359,0.00,0,1,16.00
Broncos,DEN,3,DT,551027421,Mike Tatum,1,0,4077,96,7,23.00,0,1,3,1,0,0,3.00,0,0,8.00
Broncos,DEN,3,MLB,551027705,Morgan Carruthers,1,0,4082,46,10,23.00,2,2,0,1,0,0,2.00,0,1,13.00
Broncos,DEN,3,MLB,551027445,Doug Sabin,2,0,3666,51,8,18.00,0,2,1,0,0,0,1.00,0,0,13.00
Broncos,DEN,3,LE,551028672,Reed Searles,2,0,3673,42,4,9.00,0,0,1,0,0,0,1.00,0,0,4.00
Broncos,DEN,3,SS,551028727,Kitan Oladapo,3,0,10201,26,8,32.00,0,4,2,0,1,52,2.00,0,0,19.00
Broncos,DEN,3,CB,551028490,Kool-Aid McKinstry,3,0,10173,34,11,44.00,12,5,0,1,3,57,0.00,0,1,29.00
Broncos,DEN,3,CB,551026889,Jakorian Bennett,4,0,1421,23,7,23.00,7,3,0,0,1,9,0.00,0,0,20.00
Broncos,DEN,3,CB,551028200,Kyu Blu Kelly,4,0,2276,36,6,9.00,1,1,1,0,0,0,0.00,0,0,6.00
Broncos,DEN,3,LOLB,551027168,Damone Clark,5,0,1272,18,11,36.00,7,8,0,0,0,0,0.00,0,0,36.00
Broncos,DEN,3,CB,551027613,Sauce Gardner,5,0,1712,31,5,20.00,9,4,0,0,1,14,0.00,0,0,17.00
Broncos,DEN,3,SS,551027914,Amani Hooker,8,0,9508,37,3,11.00,0,0,0,1,2,11,0.00,0,0,5.00
Broncos,DEN,3,LE,551027065,Brian Burns,8,0,9406,93,3,4.00,0,0,0,0,0,0,0.50,0,0,3.00
Broncos,DEN,3,ROLB,551029304,Sione Takitaki,8,3,9647,59,5,5.00,0,0,0,0,0,0,0.00,0,0,5.00
Broncos,DEN,3,DT,551026741,Zach Allen,8,0,9366,90,3,6.00,0,0,0,0,0,0,1.50,0,0,3.00
Broncos,DEN,3,MLB,551026892,Ja'Whaun Bentley,9,0,9706,8,3,10.00,3,3,1,1,0,0,0.00,0,0,7.00
Broncos,DEN,3,FS,551029641,Marcus Williams,10,0,8779,32,13,36.00,1,7,1,0,2,26,0.00,0,0,27.00
Browns,CLE,4,LOLB,551027794,Riley Bullard,0,0,10317,2,9,24.00,0,2,1,0,1,4,0.00,0,0,18.00
Browns,CLE,4,DT,551028570,Caleb Priester,1,0,10352,61,7,9.00,0,0,0,1,0,0,2.00,0,0,5.00
Browns,CLE,4,MLB,551028937,Gary Sewell,1,0,3404,45,6,10.00,0,3,0,0,0,0,0.00,0,0,10.00
Browns,CLE,4,LE,551027253,Javon Shepherd,1,0,4076,93,2,2.00,0,0,0,0,0,0,0.00,0,0,2.00
Browns,CLE,4,RE,551029308,Jonathan Bayer,1,4,10333,92,4,6.00,0,1,0,0,0,0,2.00,0,0,2.00
Browns,CLE,4,CB,551026872,Will Cheeks,1,0,3764,32,4,7.00,0,2,1,0,0,0,0.00,0,0,4.00
Browns,CLE,4,FS,551027089,Isaiah Harmon,2,0,10341,11,12,31.00,0,7,0,0,3,42,0.00,0,0,22.00
Browns,CLE,4,LE,551026940,Austin Booker,3,0,10016,95,3,7.00,0,1,0,0,0,0,2.00,0,0,3.00
Browns,CLE,4,ROLB,551029629,James Williams,3,0,10299,52,10,17.00,0,4,0,0,2,3,0.00,0,0,11.00
Browns,CLE,4,DT,551028041,Jordan Jefferson,3,0,10123,71,5,13.00,0,0,0,0,0,0,2.00,0,0,9.00
Browns,CLE,4,CB,551027994,Christian Izien,4,0,0,29,13,58.00,0,6,3,1,5,143,0.00,0,1,28.00
Browns,CLE,4,LOLB,551029062,Drew Sanders,4,0,2382,41,13,27.00,0,6,0,1,0,0,3.00,0,0,21.00
Browns,CLE,4,CB,551028506,Ja'Quan McMillian,4,0,0,35,3,4.00,0,0,0,0,0,0,0.00,0,0,4.00
Browns,CLE,4,FS,551029150,JL Skinner,4,0,2394,39,4,5.00,0,4,0,0,1,5,0.00,0,0,2.00
Browns,CLE,4,DT,551027979,Siaki Ika,4,0,2599,62,1,1.00,0,0,0,0,0,0,0.00,0,0,1.00
Browns,CLE,4,RE,551027800,Zach Harrison,4,0,2182,96,1,0.00,0,1,0,0,0,0,0.00,0,0,0.00
Browns,CLE,4,CB,551029314,Alontae Taylor,5,0,1969,1,8,24.00,0,3,0,0,4,294,0.00,0,0,12.00
Browns,CLE,4,CB,551028137,Jack Jones,5,0,1788,18,9,35.00,0,4,2,0,2,331,0.00,0,1,17.00
Browns,CLE,4,CB,551027923,Jaycee Horn,6,0,1352,8,12,28.00,0,8,0,0,4,91,0.00,0,1,10.00
Browns,CLE,4,SS,551029265,Geno Stone,7,7,590,25,7,13.00,0,1,0,0,1,0,0.00,0,0,10.00
Browns,CLE,4,MLB,551028901,Patrick Queen,7,0,538,6,13,45.00,0,5,2,1,4,18,0.50,0,0,26.00
Browns,CLE,4,ROLB,551029645,Quincy Williams,8,0,172,46,6,12.00,0,3,0,1,2,7,1.00,0,0,4.00
Browns,CLE,4,LE,551028928,Haason Reddick,10,0,8696,91,2,2.00,0,0,0,0,0,0,0.00,0,0,2.00
Browns,CLE,4,LOLB,551028532,Matt Milano,10,0,8664,58,1,0.00,0,1,0,0,0,0,0.00,0,0,0.00
Browns,CLE,4,LOLB,551027841,Trey Hendrickson,10,0,8581,91,2,2.00,0,0,0,0,0,0,0.50,0,0,1.00
Browns,CLE,4,LE,551028283,DeMarcus Lawrence,13,0,6487,90,4,8.00,0,0,0,0,0,0,2.50,0,0,3.00
Buccaneers,TB,5,MLB,551029659,Juan Strickland,0,0,3761,2,12,50.00,14,0,0,1,2,356,0.50,0,1,37.00
Buccaneers,TB,5,ROLB,551028594,Nigel Durant,0,0,3938,95,10,24.00,0,2,0,0,0,0,4.50,0,0,15.00
Buccaneers,TB,5,CB,551028348,Titus Priestley,0,0,3830,39,1,1.00,0,0,0,0,0,0,0.00,0,0,1.00
Buccaneers,TB,5,DT,551027610,Andrew Pryce,1,0,10350,99,6,12.00,0,0,0,0,0,0,2.50,0,0,7.00
Buccaneers,TB,5,MLB,551028250,Jaylen Merritt,2,0,10354,6,12,58.00,13,2,1,0,0,0,0.00,0,0,55.00
Buccaneers,TB,5,LE,551028000,Brennan Jackson,3,0,10115,97,5,13.00,1,0,0,0,0,0,2.50,0,0,8.00
Buccaneers,TB,5,DT,551026988,Jowon Briggs,3,0,0,98,2,3.00,0,0,0,0,0,0,0.50,0,0,2.00
Buccaneers,TB,5,CB,551028865,Joey Porter,4,0,2358,13,10,22.00,6,1,0,0,2,18,0.00,0,0,16.00
Buccaneers,TB,5,SS,551028398,Marte Mapu,4,0,4670,0,13,67.00,21,4,0,0,6,86,0.50,0,0,48.00
Buccaneers,TB,5,FS,551027218,Bryan Cook,5,0,1303,23,6,11.00,1,1,0,0,1,12,0.00,0,0,8.00
Buccaneers,TB,5,CB,551029637,Joshua Williams,5,0,2034,27,1,1.00,0,0,0,0,0,0,0.00,0,0,1.00
Buccaneers,TB,5,LE,551027743,Logan Hall,5,0,1750,94,5,8.00,0,0,0,0,0,0,2.50,0,0,3.00
Buccaneers,TB,5,LOLB,551028469,Micah McFadden,5,0,1846,10,10,15.00,1,2,0,0,0,0,1.00,0,0,13.00
Buccaneers,TB,5,MLB,551027330,Divine Deablo,6,0,1329,5,9,14.00,4,4,0,0,0,0,0.00,0,0,14.00
Buccaneers,TB,5,RE,551028752,Joseph Ossai,6,0,1190,91,10,23.00,1,1,0,0,0,0,2.50,0,0,18.00
Buccaneers,TB,5,FS,551028564,Tre'von Moehrig,6,0,1212,7,11,53.00,9,3,0,0,4,110,0.00,0,1,35.00
Buccaneers,TB,5,CB,551027107,Tyson Campbell,6,0,1355,22,11,34.00,9,3,0,0,1,13,0.00,0,0,31.00
Buccaneers,TB,5,CB,551029530,Denzel Ward,9,0,9100,4,13,42.00,15,5,0,0,1,79,0.00,0,1,33.00
Buccaneers,TB,5,CB,551028099,Taron Johnson,9,0,8949,44,7,9.00,2,0,0,0,0,0,0.00,0,0,9.00
Buccaneers,TB,5,DT,551029130,Zach Sieler,9,0,9351,92,3,7.00,0,0,0,0,0,0,1.00,0,0,5.00
Buccaneers,TB,5,MLB,551027578,Zaire Franklin,9,0,9777,12,1,1.00,0,0,0,0,0,0,0.00,0,0,1.00
Buccaneers,TB,5,CB,551027997,Adoree' Jackson,10,0,8599,24,3,4.00,0,1,0,0,0,0,0.00,0,0,4.00
Buccaneers,TB,5,RE,551029193,Preston Smith,12,0,7332,96,5,17.00,0,0,0,0,0,0,2.00,0,0,13.00
Buccaneers,TB,5,RE,551029207,Za'Darius Smith,12,6,7335,90,3,14.00,0,2,0,0,1,16,1.00,0,1,3.00
Cardinals,ARI,6,CB,551029379,Donte Generals,0,0,10355,46,12,27.00,3,5,0,1,1,49,0.50,0,1,17.00
Cardinals,ARI,6,LE,551026960,John Binns,0,0,3759,90,4,12.00,0,0,1,0,0,0,2.00,0,0,5.00
Cardinals,ARI,6,MLB,551027837,Peter Peterson,0,0,3667,40,10,17.00,1,1,0,0,1,15,0.00,0,0,14.00
Cardinals,ARI,6,ROLB,551029488,Peter Ramsey,0,0,10354,53,3,7.00,0,0,0,0,1,20,1.00,0,0,2.00
Cardinals,ARI,6,CB,551028601,Curtis Fowler,1,0,3963,35,12,46.00,12,7,1,1,3,31,1.00,0,0,32.00
Cardinals,ARI,6,CB,551029416,Damian Collins,1,0,3852,36,1,10.00,0,0,0,0,1,31,0.00,0,1,1.00
Cardinals,ARI,6,FS,551027833,Jimmie Nealy,1,0,10357,30,4,6.00,1,2,0,0,0,0,0.00,0,0,6.00
Cardinals,ARI,6,LOLB,551026912,Max Fitzsimmons,1,0,3763,52,7,10.00,0,3,0,0,0,0,1.50,0,0,7.00
Cardinals,ARI,6,DT,551028906,Terrance Nelson,2,0,10333,71,11,30.00,0,2,0,0,0,0,7.00,0,0,16.00
Cardinals,ARI,6,CB,551028030,D.J. James,3,0,10120,27,4,4.00,0,0,0,0,0,0,0.00,0,0,4.00
Cardinals,ARI,6,CB,551029044,Darius Rush,4,0,2378,24,10,17.00,5,3,1,1,1,255,0.00,0,0,11.00
Cardinals,ARI,6,CB,551027481,Akayleb Evans,5,0,1568,25,13,50.00,8,6,0,1,1,8,0.00,0,1,41.00
Cardinals,ARI,6,ROLB,551026788,Brian Asamoah II,5,0,1145,2,5,9.00,0,1,0,0,0,0,1.50,0,0,6.00
Cardinals,ARI,6,RE,551027929,James Houston IV,5,0,2534,91,1,1.00,0,0,0,0,0,0,0.00,0,0,1.00
Cardinals,ARI,6,MLB,551026895,Terrel Bernard,5,3,1173,43,2,3.00,0,0,0,0,0,0,0.00,0,0,3.00
Cardinals,ARI,6,LE,551028698,Dayo Odeyingbo,6,0,799,96,11,28.00,1,1,0,2,0,0,4.50,0,0,19.00
Cardinals,ARI,6,FS,551028567,Elijah Molden,6,0,1341,29,12,42.00,1,5,1,0,2,46,0.00,0,0,33.00
Cardinals,ARI,6,ROLB,551027325,Akeem Davis-Gaither,7,0,245,41,2,3.00,2,1,0,0,0,0,0.00,0,0,3.00
Cardinals,ARI,6,SS,551027271,Kamren Curl,7,0,225,3,13,57.00,4,11,2,1,3,283,1.00,0,1,34.00
Cardinals,ARI,6,ROLB,551029309,Jahlani Tavai,8,4,9649,48,7,13.00,1,0,0,0,0,0,1.00,0,0,11.00
Cardinals,ARI,6,RE,551028722,Ogbonnia Okoronkwo,9,0,9012,54,7,26.00,1,2,2,0,0,0,3.00,0,0,14.00
Cardinals,ARI,6,MLB,551029194,Roquan Smith,9,0,9061,0,13,68.00,6,8,3,1,5,101,1.50,0,1,35.00
Cardinals,ARI,6,SS,551027430,Terrell Edmunds,9,0,8874,38,12,33.00,6,7,1,0,1,5,2.50,0,0,22.00
Cardinals,ARI,6,DT,551029640,Leonard Williams,12,0,7381,98,4,5.00,0,0,0,0,0,0,1.00,0,0,3.00
Chargers,LAC,7,DT,551029274,Sheldon Greenberry,0,0,10351,90,7,28.00,0,0,0,0,0,0,7.00,0,0,14.00
Chargers,LAC,7,MLB,551028345,Jason Purvis,1,0,10356,21,12,38.00,10,4,1,0,2,19,2.50,0,0,24.00
Chargers,LAC,7,SS,551027867,Jaden Hicks,3,0,10107,22,4,5.00,0,0,0,0,0,0,0.00,0,0,5.00
Chargers,LAC,7,ROLB,551027110,Jaylon Carlies,3,0,10028,57,2,2.00,0,0,0,0,0,0,0.00,0,0,2.00
Chargers,LAC,7,DT,551028666,Jer'Zhan Newton,3,0,10193,95,9,33.00,0,1,1,1,0,0,6.00,0,0,18.00
Chargers,LAC,7,LE,551027461,Jonah Elliss,3,0,10066,9,7,11.00,0,0,0,1,0,0,1.50,0,0,8.00
Chargers,LAC,7,FS,551027354,Marcellas Dial,3,0,10056,27,4,4.00,0,0,0,0,0,0,0.00,0,0,4.00
Chargers,LAC,7,CB,551028553,Cameron Mitchell,4,0,2315,29,1,1.00,0,0,0,0,0,0,0.00,0,0,1.00
Chargers,LAC,7,LE,551029676,Tyree Wilson,4,0,2482,98,8,25.00,1,1,0,0,0,0,3.00,0,0,19.00
Chargers,LAC,7,RE,551027424,Arnold Ebiketie,5,0,1558,40,2,2.00,0,0,0,0,0,0,0.00,0,0,2.00
Chargers,LAC,7,SS,551027752,Kyle Hamilton,5,0,1753,9,5,23.00,3,5,0,0,3,76,0.00,0,1,8.00
Chargers,LAC,7,CB,551029057,Asante Samuel Jr,6,0,1289,4,12,34.00,10,9,1,1,2,17,1.50,0,0,22.00
Chargers,LAC,7,RE,551028832,Jaelan Phillips,6,0,1028,96,7,29.00,0,1,0,1,0,0,6.50,0,1,10.00
Chargers,LAC,7,DT,551029643,Milton Williams,6,0,1588,93,2,2.00,0,0,0,0,0,0,0.50,0,0,1.00
Chargers,LAC,7,LOLB,551027204,Zaven Collins,6,0,1012,25,8,23.00,4,2,2,0,2,15,1.00,0,0,9.00
Chargers,LAC,7,MLB,551029135,Isaiah Simmons,7,0,569,19,12,82.00,12,5,2,2,8,127,2.50,0,1,41.00
Chargers,LAC,7,SS,551027154,Jeremy Chinn,7,0,211,11,10,34.00,4,5,1,0,1,72,1.00,0,1,20.00
Chargers,LAC,7,CB,551029529,Charvarius Ward,9,0,9951,28,10,20.00,3,4,1,0,0,0,0.00,0,0,17.00
Chargers,LAC,7,LE,551028269,Harold Landry III,9,0,8966,58,1,1.00,0,0,0,0,0,0,0.00,0,0,1.00
Chargers,LAC,7,CB,551026720,Jaire Alexander,9,0,8797,24,11,45.00,13,5,1,0,3,315,0.00,0,1,27.00
Chargers,LAC,7,ROLB,551026820,Jerome Baker,9,0,8811,5,11,25.00,1,1,1,0,0,0,1.00,0,0,20.00
Chargers,LAC,7,FS,551028944,Justin Reid,9,0,9035,20,10,25.00,4,4,0,0,1,20,0.00,0,0,22.00
Chargers,LAC,7,CB,551028914,Jalen Ramsey,11,14,8185,0,11,30.00,5,5,0,0,1,23,0.00,0,0,27.00
Chargers,LAC,7,DT,551027182,Jadeveon Clowney,13,0,6380,99,1,7.00,0,0,1,0,0,0,1.00,0,0,2.00
Chiefs,KC,8,CB,551026954,Evan Smith,0,0,3350,31,12,26.00,13,4,0,0,0,0,0.00,0,0,26.00
Chiefs,KC,8,MLB,551028811,LaRon Horne,0,0,3970,53,2,4.00,0,0,0,0,0,0,0.00,0,0,4.00
Chiefs,KC,8,SS,551028357,Richard Caver,0,0,3937,43,12,41.00,9,2,2,0,1,2,0.00,0,0,32.00
Chiefs,KC,8,FS,551028069,Roy Ward,0,0,3522,25,3,3.00,1,0,0,0,0,0,0.00,0,0,3.00
Chiefs,KC,8,CB,551029545,Kevin Felix,1,0,3554,27,6,12.00,4,0,0,0,0,0,0.00,0,0,12.00
Chiefs,KC,8,LE,551028706,Oscar Way,1,0,3480,95,3,5.00,1,0,0,0,0,0,0.00,0,0,5.00
Chiefs,KC,8,MLB,551029025,Chauncey Pryor,2,0,3410,52,2,4.00,0,0,0,0,0,0,0.00,0,0,4.00
Chiefs,KC,8,ROLB,551028343,Lance Devlin,2,0,3380,57,9,24.00,0,2,0,0,0,0,4.00,0,0,16.00
Chiefs,KC,8,LE,551026703,Miguel Enriquez,2,0,3853,93,5,6.00,0,0,0,0,0,0,0.50,0,0,5.00
Chiefs,KC,8,MLB,551027370,Ross Street,2,0,10317,40,13,67.00,19,9,3,1,2,65,2.00,0,0,48.00
Chiefs,KC,8,LOLB,551028992,Chop Robinson,3,0,10229,44,11,27.00,5,1,0,0,0,0,3.00,0,0,21.00
Chiefs,KC,8,FS,551027054,Javon Bullard,3,0,10024,20,13,53.00,8,4,1,0,3,32,1.00,0,0,39.00
Chiefs,KC,8,LE,551027461,Jonah Elliss,3,0,10066,9,2,4.00,0,0,0,0,0,0,1.00,0,0,2.00
Chiefs,KC,8,CB,551026915,DaRon Bland,5,0,2689,26,11,55.00,13,4,0,2,4,83,0.00,0,3,25.00
Chiefs,KC,8,MLB,551029515,Quay Walker,5,0,2006,7,12,59.00,17,6,0,0,1,8,1.50,0,0,53.00
Chiefs,KC,8,CB,551028461,Roger McCreary,5,0,1843,24,13,61.00,15,6,0,0,5,315,0.50,0,0,45.00
Chiefs,KC,8,DT,551028157,Travis Jones,5,0,1790,98,9,12.00,0,1,0,0,0,0,0.00,0,0,12.00
Chiefs,KC,8,CB,551027738,Bryce Hall,7,0,315,34,2,2.00,1,0,0,0,0,0,0.00,0,0,2.00
Chiefs,KC,8,RE,551028658,Anthony Nelson,8,0,9586,94,1,1.00,0,0,0,0,0,0,0.00,0,0,1.00
Chiefs,KC,8,RE,551027692,Carl Granderson,8,0,9475,96,6,12.00,0,0,0,0,0,0,2.50,0,0,7.00
Chiefs,KC,8,DT,551028830,Harrison Phillips,9,0,9022,99,1,3.00,0,0,0,0,0,0,1.00,0,0,1.00
Chiefs,KC,8,ROLB,551029381,Shaq Thompson,12,0,7352,54,4,5.00,0,0,0,0,0,0,0.00,0,0,5.00
Colts,IND,9,CB,551027952,Dre Coats,0,0,3566,28,13,49.00,31,4,0,0,1,17,0.00,0,0,46.00
Colts,IND,9,FS,551028872,Terrelle Short,0,0,3755,37,13,34.00,12,5,0,0,0,0,0.00,0,0,34.00
Colts,IND,9,SS,551029247,Tyrone Shepard,0,0,3939,42,7,12.00,6,1,0,0,0,0,0.00,0,0,12.00
Colts,IND,9,FS,551027975,Austin Love,1,0,3372,35,2,3.00,0,0,0,0,0,0,0.00,0,0,3.00
Colts,IND,9,ROLB,551027216,Jarius Whittington,1,0,3761,45,8,12.00,4,1,0,0,0,0,0.00,0,0,12.00
Colts,IND,9,LE,551029617,Todd Byrne,1,0,10312,93,3,8.00,0,0,0,0,0,0,2.50,0,0,3.00
Colts,IND,9,MLB,551026828,Tyler Waters,1,0,10317,39,7,15.00,7,3,0,0,0,0,0.00,0,0,15.00
Colts,IND,9,CB,551029759,Darveon Green,2,0,3846,34,5,13.00,1,2,0,0,0,0,0.00,0,0,13.00
Colts,IND,9,RE,551027844,Desmond Johnson,2,0,4077,70,8,15.00,0,0,0,1,0,0,1.00,0,0,13.00
Colts,IND,9,LOLB,551027399,Joe Evans,3,0,0,48,3,3.00,2,0,0,0,0,0,0.00,0,0,3.00
Colts,IND,9,DT,551029748,Cameron Young,4,0,2493,94,2,2.00,0,0,0,0,0,0,0.00,0,0,2.00
Colts,IND,9,MLB,551029412,Henry To'oTo'o,4,0,2431,43,6,30.00,9,1,0,0,1,17,1.00,0,0,25.00
Colts,IND,9,LOLB,551029060,Jack Sanborn,5,0,1936,57,7,32.00,10,3,0,0,0,0,1.00,0,0,30.00
Colts,IND,9,RE,551029749,Chase Young,7,7,687,99,11,34.00,0,1,1,0,0,0,6.00,0,0,19.00
Colts,IND,9,MLB,551028346,David Long Jr,8,0,9556,11,6,16.00,5,1,0,0,1,11,0.00,0,0,13.00
Colts,IND,9,CB,551028631,Sean Murphy-Bunting,8,0,9405,0,11,23.00,12,5,0,0,0,0,0.00,0,0,23.00
Colts,IND,9,ROLB,551027438,T.J. Edwards,8,0,9449,49,11,48.00,18,7,0,0,0,0,1.00,0,0,46.00
Colts,IND,9,SS,551027454,DeShon Elliott,9,0,8877,25,13,40.00,21,2,0,0,1,4,0.00,0,0,37.00
Colts,IND,9,LE,551027708,Rasheem Green,9,0,8904,90,2,1.00,1,0,0,0,0,0,0.00,0,0,1.00
Colts,IND,9,ROLB,551028692,Uchenna Nwosu,9,0,9008,40,10,22.00,1,1,0,0,0,0,1.00,0,0,20.00
Colts,IND,9,DT,551029484,Vita Vea,9,0,9093,50,12,25.00,0,2,0,0,0,0,2.00,0,0,21.00
Colts,IND,9,CB,551028276,Marshon Lattimore,10,7,8632,23,13,54.00,27,7,1,2,1,0,0.00,0,0,48.00
Colts,IND,9,DT,551028127,Chris Jones,11,0,8082,95,11,32.00,0,1,0,0,0,0,5.50,0,0,21.00
Commanders,WAS,25,ROLB,551029496,Isaiah Johnson,0,0,4069,51,5,13.00,1,0,1,1,0,0,1.00,0,0,8.00
Commanders,WAS,25,FS,551027184,DeSean Mayo,1,0,3581,27,5,14.00,0,3,0,0,2,29,0.00,0,0,8.00
Commanders,WAS,25,LE,551028301,Shamell Parker,1,0,10327,94,1,1.00,0,0,0,0,0,0,0.00,0,0,1.00
Commanders,WAS,25,SS,551028945,Sheldon Bartel,1,0,3939,48,3,4.00,0,0,0,0,0,0,0.00,0,0,4.00
Commanders,WAS,25,CB,551028230,Tahj Howard,1,0,3860,17,12,38.00,2,7,1,1,2,70,4.00,0,0,21.00
Commanders,WAS,25,CB,551026971,Benji Nelson,2,0,3884,29,11,52.00,3,2,1,1,4,143,0.00,0,1,31.00
Commanders,WAS,25,ROLB,551027350,Jacoby Seawright,2,3,4222,59,9,32.00,5,3,0,1,1,0,2.50,0,0,24.00
Commanders,WAS,25,DT,551027523,Kevin Rucker,2,0,3473,90,2,4.00,0,0,0,0,0,0,1.00,0,0,2.00
Commanders,WAS,25,LOLB,551028324,Michael Phillips,2,0,3362,46,9,22.00,0,0,1,0,0,0,2.50,0,0,14.00
Commanders,WAS,25,DT,551027736,Mike Hall Jr,3,0,10095,98,8,12.00,0,3,0,0,0,0,0.50,0,0,11.00
Commanders,WAS,25,MLB,551028124,Cam Jones,4,0,2244,44,5,23.00,0,0,0,0,3,42,0.00,0,1,8.00
Commanders,WAS,25,RE,551029258,Dante Stills,4,0,2412,91,1,1.00,0,0,0,0,0,0,0.00,0,0,1.00
Commanders,WAS,25,DT,551029451,Kobie Turner,4,0,5178,95,9,13.00,0,1,1,0,0,0,0.50,0,0,9.00
Commanders,WAS,25,LOLB,551029439,Tuli Tuipulotu,4,0,2634,45,9,24.00,1,1,0,0,0,0,2.50,0,0,19.00
Commanders,WAS,25,CB,551029348,Ambry Thomas,6,0,1350,30,2,4.00,0,0,0,0,1,28,0.00,0,0,1.00
Commanders,WAS,25,MLB,551028136,Ernest Jones,6,0,1595,53,13,63.00,4,4,2,0,5,319,2.00,0,0,38.00
Commanders,WAS,25,CB,551028664,Greg Newsome II,6,0,1273,0,13,48.00,4,7,1,1,2,7,0.00,0,0,39.00
Commanders,WAS,25,FS,551028354,Julian Love,8,0,9558,20,13,45.00,2,5,1,0,2,15,0.00,0,0,36.00
Commanders,WAS,25,FS,551028809,Jabrill Peppers,10,0,8684,25,12,44.00,1,6,1,1,2,25,2.00,0,0,31.00
Commanders,WAS,25,LE,551027965,Danielle Hunter,12,0,7179,55,8,24.00,0,1,1,0,0,0,3.50,0,0,14.00
Cowboys,DAL,10,CB,551027946,Brian Foster,0,0,10343,27,4,10.00,0,0,1,0,0,0,0.00,0,0,7.00
Cowboys,DAL,10,LOLB,551027064,George Woodard,0,0,4089,51,5,6.00,0,0,0,0,0,0,0.50,0,0,5.00
Cowboys,DAL,10,FS,551028262,Picasso McKinney,0,0,3651,36,1,1.00,0,0,0,0,0,0,0.00,0,0,1.00
Cowboys,DAL,10,CB,551026764,John Traylor,1,0,3884,24,12,47.00,0,7,0,0,7,374,0.00,0,1,20.00
Cowboys,DAL,10,FS,551027534,Will Clayborn,1,0,10325,39,12,48.00,0,6,1,0,4,107,0.50,0,1,26.00
Cowboys,DAL,10,ROLB,551028056,Chris Smith,2,0,3939,44,5,8.00,0,1,0,0,1,0,0.00,0,0,5.00
Cowboys,DAL,10,CB,551029610,D'Andre Barden,2,0,3696,4,12,54.00,0,5,1,1,4,150,1.00,0,1,31.00
Cowboys,DAL,10,DT,551029208,Devon Coates,2,0,10350,75,2,7.00,0,0,0,0,0,0,1.00,0,0,5.00
Cowboys,DAL,10,ROLB,551027379,Randy Ramsay,2,0,3970,49,6,15.00,0,1,0,1,0,0,2.00,0,0,11.00
Cowboys,DAL,10,DT,551029746,Byron Young,4,0,2490,97,4,7.00,0,0,0,0,0,0,1.50,0,0,4.00
Cowboys,DAL,10,CB,551029428,Cory Trice Jr,4,0,3869,6,7,20.00,0,3,1,0,3,49,0.00,0,0,8.00
Cowboys,DAL,10,MLB,551028756,DeMarvion Overshown,4,0,2344,13,12,48.00,0,3,0,1,3,124,1.50,0,1,30.00
Cowboys,DAL,10,MLB,551027104,Jack Campbell,4,0,1907,46,6,20.00,0,2,1,0,1,8,1.00,0,0,12.00
Cowboys,DAL,10,RE,551027123,Jalen Carter,4,0,2563,98,6,15.00,0,0,0,1,0,0,3.50,0,0,8.00
Cowboys,DAL,10,LOLB,551029141,Trenton Simpson,4,0,3410,0,13,53.00,0,5,1,1,2,87,1.50,0,1,35.00
Cowboys,DAL,10,LE,551029030,Greg Rousseau,6,0,928,50,6,21.00,0,0,1,0,0,0,4.50,0,0,9.00
Cowboys,DAL,10,MLB,551027251,Jabril Cox,6,0,1050,45,5,5.00,0,0,0,0,0,0,0.00,0,0,5.00
Cowboys,DAL,10,SS,551027948,Talanoa Hufanga,6,0,1164,29,13,68.00,0,6,2,1,6,138,0.00,0,2,32.00
Cowboys,DAL,10,DT,551027018,Derrick Brown,7,0,189,95,7,8.00,0,1,0,0,0,0,0.50,0,0,7.00
Cowboys,DAL,10,CB,551028087,Jaylon Johnson,7,0,3468,33,12,30.00,0,11,1,0,0,16,0.00,0,0,27.00
Cowboys,DAL,10,LE,551028725,Julian Okwara,7,0,712,52,1,1.00,0,0,0,0,0,0,0.00,0,0,1.00
Cowboys,DAL,10,SS,551028049,Rayshawn Jenkins,10,0,8601,2,7,15.00,0,0,1,0,0,0,0.00,0,0,12.00
Dolphins,MIA,11,CB,551028827,Andru Phillips,3,0,10208,35,8,21.00,12,1,0,0,1,20,0.00,0,0,18.00
Dolphins,MIA,11,LE,551028278,Laiatu Latu,3,0,10150,97,11,44.00,0,1,1,1,0,0,8.50,0,0,24.00
Dolphins,MIA,11,CB,551029051,Mike Sainristil,3,0,10239,33,10,40.00,16,4,1,3,1,23,0.00,0,0,34.00
Dolphins,MIA,11,SS,551029201,Tykee Smith,3,0,10251,23,5,13.00,1,0,1,0,1,18,0.00,0,0,7.00
Dolphins,MIA,11,SS,551028689,Tyler Nubin,3,0,10197,31,13,40.00,16,7,0,1,0,0,0.00,0,1,34.00
Dolphins,MIA,11,LOLB,551027346,SirVocea Dennis,4,0,2107,6,2,2.00,0,0,0,0,0,0,0.00,0,0,2.00
Dolphins,MIA,11,DT,551026880,Travis Bell,4,0,2826,98,4,8.00,0,0,0,0,0,0,1.00,0,0,6.00
Dolphins,MIA,11,MLB,551027635,Jack Gibbens,5,0,3232,46,13,39.00,14,4,0,0,0,0,0.00,0,0,39.00
Dolphins,MIA,11,FS,551027081,Camryn Bynum,6,0,1158,20,13,30.00,6,3,0,0,1,48,0.00,0,1,21.00
Dolphins,MIA,11,CB,551028306,Deommodore Lenoir,6,0,1205,2,13,30.00,13,5,0,0,2,1,0.00,0,0,24.00
Dolphins,MIA,11,CB,551029669,Marco Wilson,6,0,1124,32,6,6.00,1,0,0,0,0,0,0.00,0,0,6.00
Dolphins,MIA,11,MLB,551029579,Pete Werner,6,0,1069,54,12,35.00,4,1,3,0,1,12,1.00,0,0,21.00
Dolphins,MIA,11,ROLB,551027872,Alex Highsmith,7,0,352,56,12,48.00,7,5,0,0,1,20,5.00,0,1,29.00
Dolphins,MIA,11,LOLB,551027949,Bryce Huff,7,0,1453,0,9,16.00,5,0,0,0,0,0,0.50,0,0,15.00
Dolphins,MIA,11,ROLB,551029700,D.J. Wonnum,7,0,684,58,1,1.00,0,0,0,0,0,0,0.00,0,0,1.00
Dolphins,MIA,11,DT,551027899,Michael Hoecht,7,0,896,96,1,1.00,0,0,0,0,0,0,0.50,0,0,0.00
Dolphins,MIA,11,DT,551029611,Christian Wilkins,8,0,9673,94,10,21.00,0,1,0,0,0,0,2.50,0,0,16.00
Dolphins,MIA,11,MLB,551027902,Cole Holcomb,8,0,1452,55,8,19.00,10,4,0,0,0,0,0.00,0,0,19.00
Dolphins,MIA,11,RE,551026738,Josh Hines-Allen,8,0,9365,91,8,33.00,0,1,1,0,0,0,6.50,0,0,17.00
Dolphins,MIA,11,FS,551027470,Marcus Epps,8,0,120,1,5,5.00,2,1,0,0,0,0,0.00,0,0,5.00
Eagles,PHI,12,RE,551027137,Sean Harmon,0,0,10333,69,9,14.00,0,1,0,0,0,0,1.50,0,0,11.00
Eagles,PHI,12,LOLB,551028179,Gabriel Knox,1,0,3942,48,8,19.00,2,2,0,0,0,0,3.00,0,0,13.00
Eagles,PHI,12,DT,551028690,Monte Samuels,1,0,3660,92,1,1.00,0,0,0,0,0,0,0.00,0,0,1.00
Eagles,PHI,12,RE,551029358,Pete Sutherland,1,0,3816,96,6,12.00,0,0,0,0,0,0,2.50,0,0,7.00
Eagles,PHI,12,CB,551029650,Justin Mentor,2,0,10344,17,3,3.00,0,1,0,0,0,0,0.00,0,0,3.00
Eagles,PHI,12,MLB,551029713,Myles Ward,2,0,4069,40,13,41.00,1,5,0,0,1,26,0.00,0,1,32.00
Eagles,PHI,12,LOLB,551028383,Boye Mafe,5,0,1821,53,11,43.00,3,3,0,0,0,0,7.50,0,0,28.00
Eagles,PHI,12,CB,551028467,Trent McDuffie,5,0,1844,22,11,38.00,2,5,0,0,5,206,0.00,0,0,23.00
Eagles,PHI,12,FS,551027648,Alohi Gilman,7,0,703,32,13,27.00,3,8,0,0,1,16,0.00,0,0,24.00
Eagles,PHI,12,SS,551028528,Josh Metellus,7,0,458,44,13,53.00,2,8,0,0,6,84,0.00,0,0,35.00
Eagles,PHI,12,CB,551027362,Trevon Diggs,7,0,250,7,11,35.00,3,8,1,0,3,295,0.00,0,0,23.00
Eagles,PHI,12,ROLB,551029421,Drue Tranquill,8,0,9659,23,13,56.00,7,4,0,0,5,83,0.00,0,1,35.00
Eagles,PHI,12,LE,551027621,Rashan Gary,8,0,9467,52,7,24.00,0,1,0,0,1,12,4.50,0,0,12.00
Eagles,PHI,12,CB,551028381,Avonte Maddox,9,0,8977,29,9,21.00,3,1,0,0,1,10,0.00,0,0,18.00
Eagles,PHI,12,MLB,551029510,Anthony Walker Jr,10,0,8764,6,4,9.00,0,1,0,0,1,4,0.00,0,0,6.00
Eagles,PHI,12,LOLB,551029558,T.J. Watt,10,0,8770,90,8,24.00,0,2,0,0,0,0,6.00,0,0,12.00
Eagles,PHI,12,CB,551029594,Tre'Davious White,10,0,8775,27,12,26.00,3,5,0,0,0,0,0.00,0,0,26.00
Falcons,ATL,13,LE,551029565,Earl Burr,0,0,4197,99,6,12.00,0,0,0,0,0,0,2.00,0,0,8.00
Falcons,ATL,13,DT,551029394,Devin Whiteside,1,0,3866,59,4,10.00,0,0,0,0,0,0,1.50,0,0,7.00
Falcons,ATL,13,LOLB,551027366,Justin Cox,1,0,3765,42,3,3.00,0,0,0,0,0,0,0.00,0,0,3.00
Falcons,ATL,13,LE,551026925,Sidney McCain,1,0,3480,98,1,1.00,0,0,0,0,0,0,0.00,0,0,1.00
Falcons,ATL,13,DT,551028627,Byron Murphy II,3,3,10189,91,9,19.00,0,2,1,0,0,0,3.00,0,0,10.00
Falcons,ATL,13,SS,551027757,Dominique Hampton,3,0,10096,45,13,44.00,8,5,0,0,1,2,0.00,0,0,41.00
Falcons,ATL,13,LOLB,551027877,Jamal Hill,3,0,0,49,8,27.00,1,0,0,0,1,16,1.50,0,0,21.00
Falcons,ATL,13,CB,551028885,Nehemiah Pritchett,3,0,10215,28,1,1.00,0,0,0,0,0,0,0.00,0,0,1.00
Falcons,ATL,13,MLB,551028235,Tyrice Knight,3,0,10145,57,4,4.00,0,0,0,0,0,0,0.50,0,0,3.00
Falcons,ATL,13,CB,551029694,Devon Witherspoon,4,0,2485,21,12,37.00,6,6,1,0,2,22,1.00,0,0,26.00
Falcons,ATL,13,SS,551028998,Jammie Robinson,4,0,2372,20,1,1.00,0,0,0,0,0,0,0.00,0,0,1.00
Falcons,ATL,13,CB,551028142,Jaylon Jones,4,0,2249,26,4,20.00,0,0,0,0,2,50,0.00,0,1,8.00
Falcons,ATL,13,SS,551027023,Ji'Ayir Brown,4,0,1874,27,10,16.00,2,3,0,0,2,28,0.00,0,0,10.00
Falcons,ATL,13,DT,551027185,Keondre Coburn,4,0,2027,93,1,1.00,0,0,0,0,0,0,0.00,0,0,1.00
Falcons,ATL,13,CB,551029197,Terell Smith,4,0,2403,39,9,22.00,7,3,0,1,2,56,0.00,0,0,16.00
Falcons,ATL,13,MLB,551028687,Trevor Nowaske,4,0,0,53,1,1.00,0,0,0,0,0,0,0.00,0,0,1.00
Falcons,ATL,13,ROLB,551027778,Christian Harris,5,0,1756,48,13,51.00,10,5,0,0,0,0,4.50,0,0,42.00
Falcons,ATL,13,SS,551027261,Nick Cross,5,0,1319,38,8,22.00,1,6,0,0,1,1,0.00,0,0,19.00
Falcons,ATL,13,CB,551029341,A.J. Terrell Jr,7,0,610,24,12,41.00,3,10,1,0,2,120,0.00,0,1,26.00
Falcons,ATL,13,RE,551027258,Maxx Crosby,8,0,9426,97,9,25.00,0,2,0,0,0,0,3.50,0,0,18.00
Falcons,ATL,13,MLB,551027375,Tyrel Dodson,8,0,9441,0,11,36.00,4,7,0,1,4,47,0.00,0,0,24.00
Falcons,ATL,13,FS,551026858,Jessie Bates III,9,0,8815,38,4,9.00,2,1,0,0,0,0,0.00,0,0,9.00
Falcons,ATL,13,RE,551027777,Charles Harris,10,0,8575,95,1,1.00,0,0,0,0,0,0,0.00,0,0,1.00
Falcons,ATL,13,LE,551026841,Derek Barnett,10,0,8475,96,2,5.00,0,0,0,0,0,0,1.50,0,0,2.00
Giants,NYG,15,MLB,551028619,DeSean Kirklin,0,0,10354,32,6,9.00,1,1,0,0,0,0,1.50,0,0,6.00
Giants,NYG,15,LE,551028683,Terrence Abraham,0,0,10338,99,10,34.00,0,1,0,0,0,0,7.50,0,0,19.00
Giants,NYG,15,ROLB,551028019,Reshard Flanagan,1,0,3480,96,1,1.00,0,0,0,0,0,0,0.00,0,0,1.00
Giants,NYG,15,MLB,551027416,Dominique Nichols,2,4,3938,40,13,45.00,5,4,1,0,3,28,0.00,0,0,33.00
Giants,NYG,15,LOLB,551028523,Gill Carter,2,0,3666,16,10,51.00,3,3,2,0,5,337,2.00,0,1,20.00
Giants,NYG,15,SS,551028405,Jartavius Martin,4,0,2296,26,13,48.00,3,9,1,1,5,89,0.00,0,0,30.00
Giants,NYG,15,CB,551026982,Julius Brents,4,0,1759,23,13,23.00,1,7,0,0,1,18,0.00,0,0,20.00
Giants,NYG,15,DT,551029192,Mazi Smith,4,0,2399,58,8,11.00,0,1,0,0,0,0,1.00,0,0,9.00
Giants,NYG,15,ROLB,551027353,YaYa Diaby,4,3,2114,0,8,25.00,0,1,1,0,0,0,4.00,0,0,14.00
Giants,NYG,15,CB,551028238,Kader Kohou,5,0,4611,4,13,37.00,3,6,0,0,1,78,0.00,0,1,28.00
Giants,NYG,15,LOLB,551026938,Nik Bonitto,5,0,1181,42,4,6.00,0,1,0,0,0,0,0.00,0,0,6.00
Giants,NYG,15,FS,551026702,Tony Adams,5,0,2723,33,2,2.00,0,0,0,0,0,0,0.00,0,0,2.00
Giants,NYG,15,FS,551027164,Andre Cisco,6,0,1147,5,13,44.00,2,6,0,1,4,44,0.00,0,0,32.00
Giants,NYG,15,CB,551029009,Isaiah Rodgers Sr,7,0,1513,34,11,38.00,3,7,2,0,3,30,1.00,0,0,21.00
Giants,NYG,15,MLB,551028873,Germaine Pratt,8,0,9603,57,4,15.00,1,4,0,0,1,33,0.00,0,1,6.00
Giants,NYG,15,LE,551027579,John Franklin-Myers,9,16,8892,90,4,8.00,0,2,0,0,0,0,1.50,0,0,5.00
Giants,NYG,15,CB,551026805,Chidobe Awuzie,10,0,8471,13,12,33.00,1,3,0,0,1,22,0.50,0,0,29.00
Giants,NYG,15,SS,551027167,Chuck Clark,10,0,8507,37,10,14.00,0,1,1,0,0,0,0.00,0,0,11.00
Giants,NYG,15,RE,551027619,Myles Garrett,10,0,8560,95,10,44.00,0,1,2,1,0,0,9.00,0,0,20.00
Jaguars,JAX,16,CB,551027514,Deshawn McDowell,0,0,3782,29,8,14.00,1,0,0,1,0,0,0.00,0,0,14.00
Jaguars,JAX,16,ROLB,551027248,Brian Peters,1,0,3384,52,3,5.00,0,1,0,0,0,0,0.00,0,0,5.00
Jaguars,JAX,16,ROLB,551028297,Darren Barbieri,1,0,10317,47,2,2.00,0,0,0,0,0,0,0.00,0,0,2.00
Jaguars,JAX,16,MLB,551029647,Daryl Carruthers,1,0,3970,57,5,5.00,0,0,0,0,0,0,0.00,0,0,5.00
Jaguars,JAX,16,ROLB,551029449,Dallas Turner,3,0,10273,15,11,28.00,0,2,0,0,0,0,4.00,0,0,20.00
Jaguars,JAX,16,CB,551028520,Max Melton,3,0,10178,16,12,68.00,1,14,1,0,4,391,2.00,0,1,43.00
Jaguars,JAX,16,CB,551029605,Nate Wiggins,3,0,10293,2,11,57.00,2,11,0,0,8,408,0.00,0,1,27.00
Jaguars,JAX,16,LE,551027922,Ty'Ron Hopper,3,0,10110,92,3,6.00,0,0,0,0,0,0,1.50,0,0,3.00
Jaguars,JAX,16,SS,551028068,Antonio Johnson,4,0,2232,26,12,36.00,2,7,0,0,1,1,0.00,0,0,33.00
Jaguars,JAX,16,CB,551027702,Vincent Gray,4,0,1744,27,1,1.00,0,0,0,0,0,0,0.00,0,0,1.00
Jaguars,JAX,16,RE,551027971,Aidan Hutchinson,5,0,1771,97,13,46.00,0,4,1,2,0,0,7.50,0,0,28.00
Jaguars,JAX,16,CB,551028454,Zyon McCollum,5,0,1840,24,12,42.00,0,5,0,1,3,44,0.00,0,0,33.00
Jaguars,JAX,16,CB,551029216,L'Jarius Sneed,7,0,579,32,13,45.00,2,8,2,0,1,19,1.00,0,0,34.00
Jaguars,JAX,16,MLB,551027072,Devin Bush,8,0,9408,30,12,50.00,4,1,1,1,3,8,2.50,0,0,33.00
Jaguars,JAX,16,DT,551028794,Da'Ron Payne,9,0,9016,94,10,18.00,0,2,1,0,0,0,1.50,0,0,12.00
Jaguars,JAX,16,MLB,551027431,Tremaine Edmunds,9,0,8875,49,11,46.00,3,6,1,1,3,50,1.00,0,0,32.00
Jaguars,JAX,16,DT,551027051,DeForest Buckner,11,0,7920,99,4,7.00,0,0,0,0,0,0,1.00,0,0,5.00
Jaguars,JAX,16,DT,551027171,Kenny Clark,11,0,7947,98,6,8.00,0,0,0,2,0,0,2.00,0,0,4.00
Jets,NYJ,17,SS,551027814,Charles Nails,0,0,3355,33,3,3.00,1,0,0,0,0,0,0.00,0,0,3.00
Jets,NYJ,17,ROLB,551028112,D'Andre Norwood,0,0,10337,53,3,1.00,2,1,0,0,0,0,0.00,0,0,1.00
Jets,NYJ,17,MLB,551028646,Heath Lane,0,0,3666,11,13,56.00,9,4,1,0,1,4,1.00,0,0,48.00
Jets,NYJ,17,DT,551027719,Rashaun Collins,0,0,3768,98,4,9.00,0,0,0,0,0,0,1.00,0,0,7.00
Jets,NYJ,17,FS,551027600,Curtis Leonard,1,0,3373,26,1,6.00,0,0,0,0,0,0,0.00,0,0,6.00
Jets,NYJ,17,LE,551026995,Spencer Fox,1,0,10331,69,9,20.00,0,1,0,1,0,0,4.00,0,0,12.00
Jets,NYJ,17,CB,551028574,Brian Phelps,2,0,10339,35,11,34.00,1,6,0,1,1,96,1.00,0,1,23.00
Jets,NYJ,17,MLB,551027673,Davante Long,2,0,3403,50,2,6.00,0,0,0,0,0,0,2.00,0,0,2.00
Jets,NYJ,17,LOLB,551026691,Phillip Collins,2,0,4203,46,7,17.00,1,2,1,0,0,0,3.00,0,0,8.00
Jets,NYJ,17,CB,551027769,Daequan Hardy,3,0,10099,37,7,13.00,0,4,1,0,0,0,0.00,0,0,10.00
Jets,NYJ,17,ROLB,551027444,Tommy Eichenberg,3,0,10065,45,3,3.00,0,1,0,0,0,0,0.00,0,0,3.00
Jets,NYJ,17,CB,551026885,Christian Benford,5,0,2684,47,13,26.00,5,5,0,1,1,30,0.00,0,0,23.00
Jets,NYJ,17,CB,551029259,Derek Stingley Jr,5,0,1956,24,8,29.00,8,4,0,0,2,253,0.00,0,0,23.00
Jets,NYJ,17,LE,551026835,Christian Barmore,6,3,780,90,6,13.00,0,0,1,0,0,0,2.00,0,0,6.00
Jets,NYJ,17,FS,551027558,Darrick Forrest,6,0,1105,22,10,28.00,2,4,0,0,0,0,0.00,0,0,28.00
Jets,NYJ,17,CB,551026706,Paulson Adebo,6,0,1098,29,6,13.00,2,3,0,0,0,0,0.50,0,0,12.00
Jets,NYJ,17,LOLB,551027799,Malik Harrison,7,0,332,40,5,12.00,5,0,0,0,0,0,1.00,0,0,10.00
Jets,NYJ,17,RE,551027718,Yetur Gross-Matos,7,0,307,94,2,2.00,0,0,0,0,0,0,0.00,0,0,2.00
Jets,NYJ,17,SS,551029074,Darnell Savage,8,0,9621,6,3,12.00,1,0,0,0,3,43,0.00,0,0,3.00
Jets,NYJ,17,DT,551028730,Ed Oliver,8,3,9589,91,10,25.00,0,2,0,0,0,0,4.50,0,0,16.00
Jets,NYJ,17,DT,551027508,Folorunso Fatukasi,9,0,8884,93,1,1.00,0,0,0,0,0,0,0.50,0,0,0.00
Jets,NYJ,17,MLB,551029535,Fred Warner,9,0,9101,54,12,49.00,2,5,0,0,3,299,1.50,0,1,31.00
Jets,NYJ,17,FS,551026858,Jessie Bates III,9,0,8815,38,6,23.00,0,3,2,0,0,0,0.00,0,0,17.00
Jets,NYJ,17,CB,551027389,Rasul Douglas,10,0,8535,39,5,11.00,0,2,0,0,0,0,0.00,0,0,11.00
Lions,DET,18,ROLB,551028856,Adrian Barber,0,0,3845,51,4,6.00,0,0,0,0,0,0,1.00,0,0,4.00
Lions,DET,18,MLB,551029697,Dee Wroten,0,0,3763,52,13,57.00,0,5,3,0,4,535,0.50,0,0,35.00
Lions,DET,18,LOLB,551026824,Quincy Flowers,0,0,3842,99,5,7.00,0,0,0,0,0,0,1.00,0,0,5.00
Lions,DET,18,SS,551028164,Dante DeBose,1,0,3638,42,7,13.00,0,2,0,0,1,9,0.00,0,0,10.00
Lions,DET,18,DT,551028920,Gabe Powe,1,0,10338,78,2,3.00,0,1,0,1,0,0,1.00,0,0,1.00
Lions,DET,18,LE,551029615,Joel Garland,1,0,10352,95,3,5.00,0,0,1,0,0,0,0.50,0,0,1.00
Lions,DET,18,SS,551027395,Anfernee Maybin,2,0,10339,39,5,8.00,0,0,1,0,0,0,0.00,0,0,5.00
Lions,DET,18,CB,551028021,Bernard Peters,2,0,10357,38,4,12.00,0,3,0,0,2,43,0.00,0,0,6.00
Lions,DET,18,MLB,551027227,Edgerrin Cooper,3,0,10041,56,13,56.00,0,10,0,0,3,48,1.00,0,1,39.00
Lions,DET,18,DT,551028048,Kris Jenkins,3,0,10124,90,5,22.00,0,2,0,0,0,0,5.00,0,0,12.00
Lions,DET,18,CB,551028559,Quinyon Mitchell,3,0,10349,21,4,4.00,0,4,0,0,0,0,0.00,0,0,4.00
Lions,DET,18,CB,551026787,Terrion Arnold,3,0,10001,21,7,16.00,0,6,2,2,0,0,0.00,0,0,10.00
Lions,DET,18,CB,551027670,Christian Gonzalez,4,0,2171,0,10,27.00,0,7,1,1,2,272,0.00,0,0,18.00
Lions,DET,18,RE,551029475,Lukas Van Ness,4,0,2442,94,10,35.00,0,0,2,0,0,0,5.00,0,0,19.00
Lions,DET,18,MLB,551029174,Brandon Smith,5,0,1944,9,1,1.00,0,0,0,0,0,0,0.00,0,0,1.00
Lions,DET,18,CB,551028417,Damarri Mathis,5,0,1825,27,7,7.00,0,3,0,0,0,0,0.00,0,0,7.00
Lions,DET,18,SS,551027163,Lewis Cine,5,0,1270,6,13,30.00,0,8,1,0,2,28,1.00,0,0,19.00
Lions,DET,18,FS,551028618,Israel Mukuamu,6,0,1166,24,8,22.00,0,3,0,0,2,7,0.00,0,0,16.00
Lions,DET,18,RE,551027228,Jonathon Cooper,6,0,910,93,4,9.00,0,0,1,0,0,0,1.00,0,0,4.00
Lions,DET,18,LE,551028793,Kwity Paye,6,0,1056,98,11,42.00,0,1,1,1,0,0,10.50,0,0,18.00
Lions,DET,18,DT,551028743,Levi Onwuzurike,6,0,850,91,3,2.00,0,0,0,1,0,0,0.00,0,0,2.00
Lions,DET,18,FS,551029378,Jalen Thompson,8,0,1532,34,11,42.00,0,5,2,1,3,58,0.00,0,1,21.00
Lions,DET,18,CB,551027959,Marlon Humphrey,10,0,8595,44,12,41.00,0,11,0,0,4,112,0.00,0,1,23.00
Packers,GB,19,LOLB,551028319,Doug Rolle,0,0,3807,50,8,21.00,0,0,0,0,0,0,3.50,0,0,14.00
Packers,GB,19,ROLB,551027749,Jahlil Roberts,0,0,3704,55,11,24.00,1,2,1,0,0,0,2.00,0,0,17.00
Packers,GB,19,DT,551029550,Kevin Walford,0,0,3950,79,6,14.00,0,1,0,0,0,0,3.00,0,0,8.00
Packers,GB,19,MLB,551029116,Cordale Washington,1,0,3711,40,13,45.00,3,7,0,0,2,52,1.00,0,0,37.00
Packers,GB,19,CB,551027549,Russell Moulds,1,0,3770,28,8,23.00,2,3,2,0,2,44,0.00,0,0,11.00
Packers,GB,19,LE,551027090,Cordale Whitehead,2,0,3761,56,1,1.00,0,0,0,0,0,0,0.00,0,0,1.00
Packers,GB,19,LOLB,551027604,James Trejo,2,0,3917,44,1,1.00,0,0,0,0,0,0,0.00,0,0,1.00
Packers,GB,19,SS,551026905,Cole Bishop,3,0,10015,24,12,43.00,1,8,0,0,2,37,0.00,0,0,37.00
Packers,GB,19,DT,551027122,DeWayne Carter,3,0,10030,90,6,15.00,0,1,0,1,0,0,3.00,0,0,9.00
Packers,GB,19,DT,551029684,Mekhi Wingo,3,0,10304,94,8,23.00,0,2,0,0,0,0,6.50,0,0,10.00
Packers,GB,19,CB,551029305,T.J. Tampa,3,0,10259,27,1,1.00,0,0,0,0,0,0,0.00,0,0,1.00
Packers,GB,19,ROLB,551029169,Nolan Smith Jr,4,0,2402,3,13,65.00,3,10,1,2,6,334,2.00,0,1,34.00
Packers,GB,19,CB,551029328,Cam Taylor-Britt,5,0,1964,29,11,55.00,5,11,1,0,6,117,0.00,0,0,34.00
Packers,GB,19,SS,551026991,Jaquan Brisker,5,0,1194,9,9,23.00,0,7,1,0,0,0,0.50,0,0,19.00
Packers,GB,19,FS,551029708,JT Woods,5,0,2051,22,1,2.00,0,0,0,0,0,0,0.00,0,0,2.00
Packers,GB,19,CB,551029261,Benjamin St-Juste,6,0,1144,25,10,42.00,1,8,0,0,4,173,0.00,0,2,18.00
Packers,GB,19,FS,551027903,Jevon Holland,6,0,1161,8,12,42.00,2,6,1,2,3,61,0.00,0,0,30.00
Packers,GB,19,RE,551027469,A.J. Epenesa,7,0,275,98,7,27.00,0,2,2,0,0,0,6.00,0,0,9.00
Packers,GB,19,LE,551026950,Nick Bosa,8,0,9390,97,6,18.00,0,1,0,0,1,0,3.50,0,0,8.00
Packers,GB,19,ROLB,551029230,Robert Spillane,9,0,9926,41,7,8.00,0,0,0,0,0,0,0.00,0,0,8.00
Packers,GB,19,CB,551027595,Kendall Fuller,11,0,8013,21,2,2.00,0,0,0,0,0,0,0.00,0,0,2.00
Panthers,CAR,20,RE,551029113,Eric Stallworth,0,0,3858,8,9,36.00,0,0,0,0,0,0,7.00,0,0,22.00
Panthers,CAR,20,FS,551026749,Glen Banyard,0,0,3852,28,12,35.00,1,5,0,0,2,12,0.00,0,0,29.00
Panthers,CAR,20,CB,551029285,Junior Cunningham,0,0,3943,4,13,43.00,3,9,1,0,4,95,0.00,0,1,22.00
Panthers,CAR,20,MLB,551027622,Nolan Johnson,0,0,3571,53,12,46.00,1,5,1,0,3,96,1.00,0,0,32.00
Panthers,CAR,20,DT,551028387,Torry Springs,0,0,10352,99,6,13.00,0,0,0,1,0,0,1.00,0,1,5.00
Panthers,CAR,20,LOLB,551028296,Michael Robinson,1,0,3869,50,9,23.00,3,2,1,0,0,0,1.00,0,0,18.00
Panthers,CAR,20,SS,551027019,Paul Nash,1,0,3566,22,13,36.00,4,2,0,0,2,42,1.00,0,0,28.00
Panthers,CAR,20,CB,551028782,Rick Peppers,2,0,3373,39,7,9.00,0,3,0,0,1,0,0.00,0,0,6.00
Panthers,CAR,20,ROLB,551028823,Steven Johnson,2,0,3404,96,9,39.00,0,3,4,0,0,0,7.50,0,0,12.00
Panthers,CAR,20,LOLB,551026976,Chris Braswell,3,0,10021,43,5,7.00,0,0,0,0,0,0,0.50,0,0,6.00
Panthers,CAR,20,CB,551028911,Ennis Rakestraw Jr,3,0,10218,35,11,30.00,5,10,0,1,4,289,0.00,0,0,18.00
Panthers,CAR,20,LE,551026772,Felix Anudike-Uzomah,4,0,958,99,5,6.00,0,1,0,1,0,0,0.50,0,0,5.00
Panthers,CAR,20,CB,551027170,Kei'Trel Clark,4,0,2022,13,11,22.00,1,2,0,3,1,18,1.00,0,0,17.00
Panthers,CAR,20,DT,551027668,Chauncey Golston,6,0,1073,98,6,16.00,1,0,1,1,0,0,2.50,0,0,8.00
Panthers,CAR,20,ROLB,551026743,Azeez Al-Shaair,8,0,9361,0,5,5.00,0,0,0,0,0,0,0.00,0,0,5.00
Panthers,CAR,20,MLB,551028719,Bobby Okereke,8,0,9588,58,13,46.00,3,7,1,0,2,60,0.00,0,1,31.00
Panthers,CAR,20,LE,551027065,Brian Burns,8,0,9406,93,1,1.00,0,0,0,0,0,0,0.00,0,0,1.00
Panthers,CAR,20,DT,551029646,Quinnen Williams,8,0,9679,95,9,17.00,0,3,0,0,0,0,3.00,0,0,11.00
Panthers,CAR,20,CB,551027297,Carlton Davis III,9,0,8864,23,2,3.00,0,0,0,0,0,0,0.00,0,0,3.00
Panthers,CAR,20,CB,551028579,Kenny Moore II,10,0,9244,34,8,12.00,1,1,0,0,0,0,1.00,0,0,10.00
Patriots,NE,21,DT,551029310,Gordon Oden,0,0,10335,97,7,13.00,0,0,0,0,0,0,0.50,0,0,12.00
Patriots,NE,21,MLB,551028111,Matthew Jones,0,0,3711,42,3,4.00,0,1,0,0,0,0,0.00,0,0,4.00
Patriots,NE,21,MLB,551027812,Matthew Van Buren,0,0,10317,94,13,42.00,8,6,1,0,2,269,1.00,0,0,31.00
Patriots,NE,21,CB,551029298,Ja'Darius Bartel,1,0,10339,32,13,47.00,5,5,0,1,3,125,0.00,0,1,32.00
Patriots,NE,21,CB,551026725,Nate Durham,1,0,3466,5,12,41.00,8,11,1,0,2,52,0.00,0,0,32.00
Patriots,NE,21,LE,551029363,Dale Phelps,2,0,3915,90,1,1.00,0,0,0,0,0,0,0.00,0,0,1.00
Patriots,NE,21,CB,551027533,Javontae Sims,2,0,3870,23,12,38.00,10,11,1,0,2,66,0.00,0,0,29.00
Patriots,NE,21,ROLB,551029020,Karl Truman,2,0,3763,91,11,27.00,6,1,0,1,1,91,0.00,0,0,24.00
Patriots,NE,21,SS,551027211,Nelson Barner,2,0,3769,38,12,46.00,3,5,3,0,2,33,0.00,0,0,31.00
Patriots,NE,21,ROLB,551029786,Tyrell Norwood,2,0,3869,43,1,1.00,0,0,0,0,0,0,0.00,0,0,1.00
Patriots,NE,21,CB,551027802,Cam Hart,3,0,10103,20,3,2.00,1,1,0,0,0,0,0.00,0,0,2.00
Patriots,NE,21,LE,551029489,Jared Verse,3,0,10279,8,10,31.00,0,2,0,0,0,0,7.50,0,0,16.00
Patriots,NE,21,LOLB,551027206,Junior Colson,3,0,10040,25,9,18.00,5,2,0,0,0,0,1.50,0,0,15.00
Patriots,NE,21,DT,551026893,Keeanu Benton,4,0,8199,95,6,11.00,0,1,0,0,0,0,0.50,0,0,10.00
Patriots,NE,21,DT,551029590,Keion White,4,0,2474,99,2,5.00,0,0,0,0,0,0,1.00,0,0,3.00
Patriots,NE,21,RE,551026754,Will Anderson Jr,4,0,856,51,12,44.00,0,1,0,0,0,0,8.00,0,0,28.00
Patriots,NE,21,CB,551026943,Andrew Booth Jr,5,0,1187,34,13,45.00,3,7,1,0,2,0,0.00,0,0,36.00
Patriots,NE,21,MLB,551028622,Chad Muma,5,0,1860,40,6,6.00,0,0,0,0,0,0,0.00,0,0,6.00
Patriots,NE,21,RE,551028716,Azeez Ojulari,6,0,1032,98,2,2.00,0,0,0,0,0,0,0.00,0,0,2.00
Patriots,NE,21,SS,551028518,Ifeatu Melifonwu,6,0,1299,6,12,59.00,9,6,0,0,4,304,2.00,0,1,37.00
Patriots,NE,21,ROLB,551027131,Blake Cashman,8,0,9415,48,1,1.00,0,0,0,0,0,0,0.00,0,0,1.00
Raiders,LV,22,LE,551029443,Charles Morton,0,0,10311,95,1,1.00,0,0,0,0,0,0,0.00,0,0,1.00
Raiders,LV,22,ROLB,551027703,Stephen Randolph,0,0,4080,56,8,9.00,0,3,0,0,0,0,1.00,0,0,7.00
Raiders,LV,22,SS,551027136,Trevor Wagner,0,0,3358,30,13,49.00,1,7,2,0,5,63,0.00,0,0,28.00
Raiders,LV,22,RE,551028073,Braxton Holley,1,0,10335,51,1,1.00,0,0,0,0,0,0,0.00,0,0,1.00
Raiders,LV,22,SS,551027931,Juwan Lockley,1,0,3970,28,2,3.00,0,0,0,0,0,0,0.00,0,0,3.00
Raiders,LV,22,LOLB,551026710,Todd Graves,1,0,3360,58,3,4.00,0,0,0,0,0,0,0.00,0,0,4.00
Raiders,LV,22,FS,551029401,Brian Joyner,2,0,3769,34,1,1.00,0,0,0,0,0,0,0.00,0,0,1.00
Raiders,LV,22,LOLB,551027103,Gio Hearst,2,0,3400,41,3,3.00,0,0,0,0,0,0,0.00,0,0,3.00
Raiders,LV,22,DT,551027790,Marcus Harris,3,0,10101,59,6,5.00,0,0,0,1,0,0,0.00,0,0,5.00
Raiders,LV,22,MLB,551029672,Payton Wilson,3,0,10302,55,13,54.00,5,6,0,0,2,39,0.00,0,1,42.00
Raiders,LV,22,RE,551029747,Byron Young,4,0,2491,0,11,39.00,0,2,0,0,0,0,8.50,1,0,20.00
Raiders,LV,22,CB,551027546,Emmanuel Forbes Jr,4,0,2143,13,12,39.00,5,6,0,1,2,23,1.00,0,0,31.00
Raiders,LV,22,LOLB,551028366,Jesse Luketa,4,0,1818,43,2,1.00,1,0,0,0,0,0,0.00,0,0,1.00
Raiders,LV,22,SS,551027033,Sydney Brown,4,0,1901,20,11,24.00,5,1,0,0,1,4,0.00,0,0,21.00
Raiders,LV,22,FS,551028853,Jalen Pitre,5,0,1893,5,13,51.00,1,10,1,0,6,303,0.00,0,0,30.00
Raiders,LV,22,DT,551028508,Alim McNeill,6,0,943,54,9,24.00,0,0,0,0,0,0,5.00,0,0,14.00
Raiders,LV,22,ROLB,551027038,Baron Browning,6,0,1041,90,7,12.00,1,1,1,0,0,0,1.00,0,0,7.00
Raiders,LV,22,CB,551029262,Eric Stokes,6,0,1224,21,10,23.00,3,3,0,0,1,36,1.50,0,0,17.00
Raiders,LV,22,CB,551027597,Kristian Fulton,7,0,286,27,3,3.00,0,0,0,0,0,0,0.00,0,0,3.00
Raiders,LV,22,MLB,551027405,Kyle Dugger,7,0,263,23,5,8.00,2,0,0,0,0,0,0.00,0,0,8.00
Raiders,LV,22,SS,551028488,Xavier McKinney,7,4,452,29,12,39.00,3,4,0,1,1,17,2.00,0,1,26.00
Raiders,LV,22,CB,551027332,Jamel Dean,8,0,9435,35,11,18.00,7,7,0,0,0,0,0.00,0,0,18.00
Raiders,LV,22,LE,551029296,Montez Sweat,8,0,9643,98,8,25.00,0,0,0,0,0,0,5.50,0,0,14.00
Raiders,LV,22,DT,551027862,Cameron Heyward,16,0,4384,99,8,9.00,0,2,0,0,0,0,0.50,0,0,8.00
Rams,LAR,23,ROLB,551026800,Curt Shelton,0,0,3370,46,5,9.00,0,0,0,0,0,0,0.00,0,0,9.00
Rams,LAR,23,RE,551027573,Edward Price,0,0,3473,99,11,40.00,0,0,1,1,0,0,5.50,0,1,20.00
Rams,LAR,23,DT,551027956,Ish Stephens,0,0,3952,90,4,4.00,0,0,0,0,0,0,0.00,0,0,4.00
Rams,LAR,23,LE,551027934,Max Edison,0,0,4144,92,2,2.00,0,0,0,0,0,0,0.00,0,0,2.00
Rams,LAR,23,SS,551027986,Ben McNeal,1,0,3522,36,10,34.00,6,5,1,0,0,0,0.00,0,0,31.00
Rams,LAR,23,CB,551027135,David Clinton,1,0,3758,0,9,19.00,1,4,0,0,0,0,0.00,0,0,19.00
Rams,LAR,23,FS,551028892,Jabari Epps,1,0,3861,11,10,32.00,8,0,0,0,2,82,0.00,0,0,26.00
Rams,LAR,23,MLB,551027198,Rhett Fullen,1,0,3667,57,10,18.00,3,2,0,0,0,0,1.00,0,0,16.00
Rams,LAR,23,LOLB,551027299,Steven Rose,1,0,3403,40,5,15.00,6,0,0,0,1,11,0.00,0,0,12.00
Rams,LAR,23,SS,551027607,Brian Wallace,2,0,10345,26,6,11.00,1,1,0,0,0,0,0.00,0,0,11.00
Rams,LAR,23,DT,551027559,Deion Pittman,2,0,3473,95,2,2.00,0,0,0,0,0,0,0.50,0,0,1.00
Rams,LAR,23,CB,551026808,Gabe Alford,2,0,3766,42,5,8.00,0,0,1,0,0,0,0.00,0,0,5.00
Rams,LAR,23,SS,551027086,Greg Blaylock,2,0,3842,20,2,4.00,1,0,0,0,0,0,0.00,0,0,4.00
Rams,LAR,23,FS,551028845,Kion Nash,2,0,10353,48,5,6.00,1,0,0,0,0,0,0.00,0,0,6.00
Rams,LAR,23,DT,551027188,Nyles Weaver,2,0,4076,94,8,15.00,1,0,0,1,0,0,2.00,0,0,11.00
Rams,LAR,23,LE,551029678,Sean Bronson,2,0,3611,91,1,1.00,0,0,0,0,0,0,0.00,0,0,1.00
Rams,LAR,23,CB,551027339,Cooper DeJean,3,0,10053,33,13,51.00,14,3,0,1,2,20,1.00,0,0,43.00
Rams,LAR,23,CB,551029175,Cam Smith,4,0,2396,24,12,51.00,12,6,1,0,1,46,0.00,0,1,39.00
Rams,LAR,23,CB,551028611,Riley Moss,4,0,2330,21,11,37.00,5,4,0,1,2,57,0.00,0,1,25.00
Rams,LAR,23,SS,551026884,Dane Belton,5,6,1172,35,2,4.00,3,0,0,0,0,0,0.00,0,0,4.00
Rams,LAR,23,LE,551026852,Boogie Basham Jr,6,0,1608,96,11,40.00,0,1,2,1,0,0,8.00,0,0,18.00
Rams,LAR,23,LOLB,551027141,K'Lavon Chaisson,7,0,208,56,2,3.00,0,0,0,0,0,0,0.00,0,0,3.00
Rams,LAR,23,MLB,551029591,Kyzir White,8,0,9112,49,10,37.00,8,5,0,0,1,15,0.00,0,0,34.00
Rams,LAR,23,DT,551027969,Maurice Hurst,9,0,8931,93,7,17.00,0,0,0,0,0,0,1.00,1,0,13.00
Rams,LAR,23,MLB,551028981,Elandon Roberts,11,15,8195,50,11,35.00,6,5,0,0,1,9,1.00,0,0,30.00
Ravens,BAL,24,RE,551027993,Melo Scott,0,0,3403,95,11,42.00,0,0,2,0,0,0,6.00,0,0,24.00
Ravens,BAL,24,MLB,551027007,Percy Culliver,0,0,3842,47,12,29.00,2,5,0,0,0,0,0.00,0,0,29.00
Ravens,BAL,24,RE,551028762,Roman Randolph,0,0,3480,98,1,1.00,0,0,0,0,0,0,0.50,0,0,0.00
Ravens,BAL,24,RE,551028549,D'Angelo Newberry,1,0,3950,73,6,13.00,0,0,1,1,0,0,3.00,0,0,4.00
Ravens,BAL,24,MLB,551028121,Eric Cowan,2,0,10353,19,7,20.00,4,3,0,0,2,5,0.50,0,0,13.00
Ravens,BAL,24,FS,551029120,Eric Richardson,2,0,10343,23,6,11.00,5,2,0,0,0,0,0.00,0,0,11.00
Ravens,BAL,24,LE,551026705,Adetomiwa Adebawore,4,0,818,93,8,10.00,0,1,0,0,0,0,2.00,0,0,6.00
Ravens,BAL,24,DT,551027001,Karl Brooks,4,0,2912,96,5,6.00,0,0,0,0,0,0,0.50,0,0,5.00
Ravens,BAL,24,CB,551027897,Tre'Vius Hodges-Tomlinson,4,0,2211,20,4,5.00,2,0,0,0,0,0,0.00,0,0,5.00
Ravens,BAL,24,CB,551027539,Cordale Flott,5,0,1580,28,8,14.00,2,3,0,0,1,17,0.00,0,0,11.00
Ravens,BAL,24,LE,551028188,George Karlaftis,5,0,4064,99,12,28.00,0,2,0,1,0,0,5.00,0,0,18.00
Ravens,BAL,24,CB,551029244,Brandon Stephens,6,0,1157,21,8,29.00,3,3,0,0,1,25,0.00,0,0,26.00
Ravens,BAL,24,CB,551027892,Nate Hobbs,6,0,1184,14,12,28.00,6,7,0,0,3,533,0.00,0,0,19.00
Ravens,BAL,24,FS,551029680,Antoine Winfield Jr,7,0,680,31,13,59.00,11,5,1,0,3,291,0.00,0,0,47.00
Ravens,BAL,24,MLB,551028632,Kenneth Murray Jr,7,0,10349,1,12,25.00,2,1,0,0,0,0,0.00,0,0,25.00
Ravens,BAL,24,SS,551028917,Taylor Rapp,7,0,9606,38,7,18.00,8,4,0,0,0,0,0.00,0,0,18.00
Ravens,BAL,24,RE,551027524,Clelin Ferrell,8,0,9455,55,1,1.00,0,0,0,0,0,0,0.50,0,0,0.00
Ravens,BAL,24,MLB,551029660,Mack Wilson Sr,8,0,9685,36,6,7.00,0,0,0,0,0,0,0.00,0,0,7.00
Ravens,BAL,24,SS,551028027,Derwin James Jr,9,0,8943,3,13,50.00,7,6,0,0,3,69,0.00,0,1,35.00
Ravens,BAL,24,CB,551028933,D.J. Reed Jr,9,0,9034,2,13,32.00,8,8,0,0,2,4,0.00,0,0,26.00
Ravens,BAL,24,LOLB,551028370,Frankie Luvu,9,0,9340,4,10,17.00,0,0,0,0,0,0,2.50,0,0,12.00
Ravens,BAL,24,LOLB,551026773,Alex Anzalone,10,0,8469,34,3,6.00,0,0,0,0,0,0,1.00,0,0,4.00
Saints,NO,26,LE,551027789,Anthony Gallery,0,0,10351,97,8,29.00,2,0,1,1,0,0,3.00,0,1,14.00
Saints,NO,26,FS,551028934,Antwuan Whitaker,0,0,3963,17,12,35.00,4,1,1,0,1,254,0.00,0,0,29.00
Saints,NO,26,DT,551028202,Damion Silver,1,0,3660,51,6,23.00,0,0,0,0,0,0,5.00,0,0,13.00
Saints,NO,26,FS,551029623,Tyrell Vincent,1,0,3942,37,12,35.00,4,6,0,0,0,0,0.00,0,0,35.00
Saints,NO,26,CB,551029445,Barry Samuels,2,0,3860,38,12,30.00,8,5,0,2,1,35,0.00,0,1,21.00
Saints,NO,26,RE,551027521,Gabriel Rogers,2,0,3811,90,6,8.00,0,0,0,0,0,0,2.00,0,0,4.00
Saints,NO,26,RE,551027252,Larry Whiteside,2,0,10352,71,9,13.00,0,1,0,0,0,0,1.00,0,0,11.00
Saints,NO,26,CB,551027709,Renardo Green,3,0,10090,31,2,2.00,0,0,0,0,0,0,0.00,0,0,2.00
Saints,NO,26,DT,551029297,T'Vondre Sweat,3,0,10258,92,5,11.00,0,0,0,0,0,0,1.00,0,0,9.00
Saints,NO,26,CB,551029470,Carrington Valentine,4,0,2440,21,3,3.00,0,0,0,0,0,0,0.00,0,0,3.00
Saints,NO,26,LE,551028929,Jalen Redmond,4,0,2364,61,4,6.00,0,0,0,0,0,0,0.50,0,0,5.00
Saints,NO,26,LOLB,551028335,Devin Lloyd,5,0,1812,33,13,51.00,15,9,0,0,4,46,2.00,0,0,35.00
Saints,NO,26,CB,551029554,Jaylen Watson,5,0,2014,35,11,23.00,6,3,0,0,1,14,0.50,0,0,19.00
Saints,NO,26,MLB,551028268,Nate Landman,5,0,1804,41,6,6.00,1,1,0,0,0,0,0.00,0,0,6.00
Saints,NO,26,ROLB,551028761,Jeremiah Owusu-Koramoah,6,0,1060,6,12,51.00,15,4,1,0,0,0,1.00,0,0,46.00
Saints,NO,26,CB,551028169,Kelvin Joseph,6,0,1281,24,12,51.00,18,2,1,0,1,15,0.00,0,0,45.00
Saints,NO,26,LOLB,551027710,Jonathan Greenard,7,0,305,58,5,13.00,0,0,1,0,0,0,0.50,0,0,9.00
Saints,NO,26,MLB,551029589,Devin White,8,0,9672,50,13,40.00,5,4,0,0,1,14,0.50,0,0,36.00
Saints,NO,26,SS,551029663,Donovan Wilson,8,0,9684,20,1,1.00,0,0,0,0,0,0,0.00,0,0,1.00
Saints,NO,26,DT,551026736,Jonathan Allen,10,0,8793,94,8,20.00,0,0,1,0,0,0,3.00,0,0,11.00
Seahawks,SEA,27,ROLB,551027412,Artie Bennett,0,0,3947,56,10,29.00,2,0,1,0,0,0,5.00,0,0,16.00
Seahawks,SEA,27,MLB,551029019,Gio Barrow,0,0,3358,53,1,1.00,0,0,0,0,0,0,0.00,0,0,1.00
Seahawks,SEA,27,SS,551027984,Aaron Swann,1,0,3760,8,8,32.00,1,5,2,2,1,25,1.00,0,0,21.00
Seahawks,SEA,27,CB,551029098,Rafael McGowan,1,0,4205,23,5,28.00,1,3,1,0,1,44,0.00,0,1,16.00
Seahawks,SEA,27,SS,551027951,Rodney Gunter,1,4,3807,11,5,30.00,0,2,0,0,2,72,0.50,0,1,17.00
Seahawks,SEA,27,FS,551029533,Tim Givens,1,0,3845,29,3,3.00,0,0,0,0,0,0,0.00,0,0,3.00
Seahawks,SEA,27,MLB,551028705,Brendan Hughes,2,0,3810,22,13,63.00,6,6,2,2,6,56,2.50,0,0,34.00
Seahawks,SEA,27,CB,551028881,Deantre Prince,3,0,10214,31,10,21.00,0,2,1,0,2,26,0.00,0,0,12.00
Seahawks,SEA,27,RE,551027266,Jaden Crumedy,3,0,10045,97,2,3.00,0,1,0,0,0,0,0.50,0,0,2.00
Seahawks,SEA,27,ROLB,551028334,Marist Liufau,3,0,10160,57,3,5.00,0,0,0,0,0,0,0.00,0,0,5.00
Seahawks,SEA,27,CB,551026933,Isaiah Bolden,4,0,2861,21,13,52.00,6,10,1,0,6,295,0.00,0,1,25.00
Seahawks,SEA,27,CB,551028142,Jaylon Jones,4,0,2249,26,5,24.00,5,2,1,0,1,16,0.00,0,0,18.00
Seahawks,SEA,27,DT,551027169,Jerrod Clark,4,0,1976,98,2,2.00,0,0,0,0,0,0,0.50,0,0,1.00
Seahawks,SEA,27,LOLB,551028630,Myles Murphy,4,0,2333,14,12,42.00,1,1,1,1,0,0,8.50,0,0,22.00
Seahawks,SEA,27,RE,551027311,Jordan Davis,5,0,10352,99,5,16.00,0,0,0,0,0,0,3.50,0,0,9.00
Seahawks,SEA,27,SS,551027261,Nick Cross,5,0,1319,38,4,10.00,0,3,0,0,2,36,0.00,0,0,4.00
Seahawks,SEA,27,FS,551027079,Percy Butler,5,0,1239,35,13,27.00,1,0,0,0,2,272,0.00,0,0,21.00
Seahawks,SEA,27,CB,551029712,Tariq Woolen,5,0,2054,2,13,39.00,2,10,0,1,4,299,0.00,0,0,27.00
Seahawks,SEA,27,LE,551027006,Bobby Brown III,6,0,1592,92,4,9.00,0,2,0,0,0,0,2.00,0,0,5.00
Seahawks,SEA,27,LOLB,551026837,Derrick Barnes,6,0,1065,55,4,9.00,0,0,2,0,0,0,0.00,0,0,3.00
Seahawks,SEA,27,DT,551026928,Quinton Bohanna,6,0,1598,64,4,5.00,0,0,0,0,0,0,0.00,0,0,5.00
Seahawks,SEA,27,LE,551028382,Justin Madubuike,7,0,441,90,9,24.00,0,3,0,1,0,0,4.50,0,0,15.00
Seahawks,SEA,27,MLB,551027626,Willie Gay,7,0,295,15,10,26.00,1,3,0,0,2,101,0.00,0,1,14.00
Seahawks,SEA,27,CB,551029627,Greedy Williams,8,0,9675,38,5,14.00,2,2,1,0,0,0,0.00,0,0,11.00
Seahawks,SEA,27,FS,551026914,Marquise Blair,8,0,9388,42,4,8.00,0,0,1,0,0,0,0.00,0,0,5.00
Seahawks,SEA,27,ROLB,551027161,Bradley Chubb,9,0,8845,94,7,18.00,0,1,0,0,0,0,3.00,0,0,12.00
Seahawks,SEA,27,LE,551028928,Haason Reddick,10,0,8696,91,2,3.00,0,0,0,0,0,0,0.50,0,0,2.00
Seahawks,SEA,27,SS,551026698,Jamal Adams,10,0,8463,33,8,37.00,1,2,3,0,2,3,1.50,0,0,19.00
Steelers,PIT,28,LOLB,551027128,Elliott Poole,1,0,10315,8,4,4.00,0,0,0,0,0,0,0.00,0,0,4.00
Steelers,PIT,28,SS,551027951,Rodney Gunter,1,4,3807,11,2,1.00,0,1,0,0,0,0,0.00,0,0,1.00
Steelers,PIT,28,MLB,551028253,Andrew Barton,2,0,3926,40,1,1.00,0,0,0,0,0,0,0.00,0,0,1.00
Steelers,PIT,28,DT,551029679,Landry Howard,2,0,3667,98,6,19.00,0,1,0,0,0,0,4.00,0,0,11.00
Steelers,PIT,28,CB,551026694,Kris Abrams-Draine,3,0,9993,30,8,13.00,3,2,0,0,0,0,0.00,0,0,13.00
Steelers,PIT,28,CB,551028559,Quinyon Mitchell,3,0,10349,21,2,3.00,2,1,0,0,0,0,0.50,0,0,2.00
Steelers,PIT,28,CB,551026787,Terrion Arnold,3,0,10001,21,6,30.00,3,5,0,1,3,351,0.00,0,1,15.00
Steelers,PIT,28,MLB,551029521,Trevin Wallace,3,0,10284,0,13,71.00,19,5,1,0,6,95,1.00,0,0,48.00
Steelers,PIT,28,SS,551027213,Chamarri Conner,4,0,2062,23,1,1.00,0,0,0,0,0,0,0.00,0,0,1.00
Steelers,PIT,28,CB,551026910,Mekhi Blackmon,4,0,1551,32,8,18.00,3,4,0,1,1,3,0.00,0,0,15.00
Steelers,PIT,28,CB,551029637,Joshua Williams,5,0,2034,27,3,3.00,0,0,0,0,0,0,0.00,0,0,3.00
Steelers,PIT,28,LE,551029342,Kayvon Thibodeaux,5,0,1973,5,6,18.00,0,0,0,0,0,0,4.50,0,0,9.00
Steelers,PIT,28,MLB,551029014,Malcolm Rodriguez,5,0,1925,46,3,5.00,0,0,0,0,1,27,0.00,0,0,2.00
Steelers,PIT,28,CB,551027465,Martin Emerson Jr,5,0,1565,23,13,38.00,11,5,0,0,1,35,0.00,0,1,29.00
Steelers,PIT,28,MLB,551027333,Nakobe Dean,5,0,1347,17,13,64.00,7,7,1,0,4,90,1.00,0,0,47.00
Steelers,PIT,28,CB,551026706,Paulson Adebo,6,0,1098,29,8,28.00,8,1,0,0,2,114,0.50,0,1,15.00
Steelers,PIT,28,LE,551029460,Josh Uche,7,0,634,55,6,24.00,0,0,0,0,0,0,6.00,0,0,12.00
Steelers,PIT,28,LOLB,551029668,Logan Wilson,7,0,675,45,8,16.00,7,0,0,0,0,0,0.00,0,0,16.00
Steelers,PIT,28,DT,551029136,Jeffery Simmons,8,0,156,99,9,26.00,0,0,0,0,0,0,5.50,0,0,15.00
Steelers,PIT,28,LE,551029295,Josh Sweat,9,4,9073,97,7,16.00,1,0,0,0,0,0,1.50,0,0,13.00
Steelers,PIT,28,FS,551027535,Minkah Fitzpatrick,9,0,8887,39,13,38.00,9,7,0,0,2,28,0.00,0,0,32.00
Steelers,PIT,28,SS,551026818,Budda Baker,10,0,8472,3,12,38.00,7,6,1,0,2,63,0.00,0,0,29.00
Texans,HOU,31,FS,551029149,Jalen Robinson,0,0,3970,36,2,2.00,1,0,0,0,0,0,0.00,0,0,2.00
Texans,HOU,31,SS,551028723,Terrelle Durant,0,0,3782,35,6,19.00,3,5,0,0,0,0,0.00,0,0,19.00
Texans,HOU,31,LE,551028972,Chuck Sands,1,0,4204,15,9,25.00,0,1,0,1,0,0,3.50,0,0,18.00
Texans,HOU,31,LOLB,551028376,Derron Gilbert,1,0,10329,46,1,1.00,0,0,0,0,0,0,0.00,0,0,1.00
Texans,HOU,31,RE,551028800,Jay Newton,1,0,3854,99,5,14.00,0,0,0,0,0,0,3.50,0,0,7.00
Texans,HOU,31,CB,551029264,Martin Aldridge,1,0,3696,21,13,62.00,20,5,0,0,2,30,0.00,0,0,56.00
Texans,HOU,31,CB,551028228,Alphonso Slaughter,2,0,3832,30,3,7.00,1,1,0,0,1,16,0.00,0,0,4.00
Texans,HOU,31,DT,551028754,Anfernee Johns,2,0,10328,92,2,2.00,0,0,0,0,0,0,0.50,0,0,1.00
Texans,HOU,31,MLB,551028889,Edward Samuels,2,27,3358,54,4,7.00,4,1,0,0,0,0,0.00,0,0,7.00
Texans,HOU,31,LOLB,551029334,Glen Berry,2,0,3638,57,9,20.00,7,4,0,0,1,3,1.00,0,0,15.00
Texans,HOU,31,FS,551029622,Jaden Haywood,2,0,3861,2,4,11.00,2,0,0,0,0,0,0.00,0,0,11.00
Texans,HOU,31,DT,551029015,Markelle Judge,2,0,3866,96,7,24.00,0,1,0,0,0,0,2.00,0,0,20.00
Texans,HOU,31,DT,551027532,Braden Fiske,3,0,10072,55,7,17.00,0,0,0,1,0,0,1.50,0,0,14.00
Texans,HOU,31,LE,551028717,BJ Ojulari,4,0,2341,48,2,3.00,0,0,0,0,0,0,0.00,0,0,3.00
Texans,HOU,31,CB,551028825,Clark Phillips III,4,0,2354,38,12,31.00,8,4,0,0,3,41,0.00,0,0,22.00
Texans,HOU,31,CB,551026827,Deonte Banks,4,6,1120,3,8,25.00,10,5,0,0,1,24,0.00,0,0,22.00
Texans,HOU,31,MLB,551026690,Yasir Abdullah,4,0,8369,59,2,2.00,0,0,0,0,0,0,0.00,0,0,2.00
Texans,HOU,31,SS,551026877,Markquese Bell,5,0,1170,14,1,1.00,0,0,0,0,0,0,0.00,0,0,1.00
Texans,HOU,31,ROLB,551027308,Jamin Davis,6,0,1589,50,13,64.00,18,5,2,2,3,19,2.50,0,0,44.00
Texans,HOU,31,MLB,551026936,Nick Bolton,6,0,977,32,12,60.00,26,1,0,0,3,30,0.00,0,0,51.00
Texans,HOU,31,SS,551027342,Grant Delpit,7,0,249,9,13,78.00,22,2,1,0,5,154,0.00,0,1,54.00
Texans,HOU,31,CB,551028004,Donte Jackson,9,7,8936,26,12,38.00,11,2,0,0,2,40,0.00,0,1,26.00
Texans,HOU,31,RE,551026949,Joey Bosa,11,0,7902,94,5,9.00,0,0,0,0,0,0,1.50,0,0,6.00
Titans,TEN,29,DT,551027087,Deacon McIntosh,0,0,4070,97,1,2.00,0,0,0,0,0,0,0.00,0,0,2.00
Titans,TEN,29,LOLB,551028247,Dennis Bowens,0,0,3869,50,5,10.00,0,1,0,0,0,0,2.50,0,0,5.00
Titans,TEN,29,SS,551029492,Amir Minor,1,0,3842,31,2,2.00,0,0,0,0,0,0,0.00,0,0,2.00
Titans,TEN,29,CB,551027840,K.J. Bass,1,0,3350,36,11,26.00,3,9,0,1,2,0,0.00,0,0,20.00
Titans,TEN,29,MLB,551029133,Solomon Brothers,1,0,3810,55,13,56.00,10,2,0,1,3,28,0.50,0,0,46.00
Titans,TEN,29,RE,551027347,Zach Dawson,1,0,4207,92,7,26.00,0,0,0,0,0,0,5.00,0,0,16.00
Titans,TEN,29,MLB,551029450,Andrew Redding,2,0,4089,41,5,23.00,3,3,0,0,2,13,1.50,0,0,14.00
Titans,TEN,29,CB,551028021,Bernard Peters,2,0,10357,38,11,32.00,5,2,0,0,3,73,0.00,0,0,23.00
Titans,TEN,29,RE,551027279,Brandon Peoples,2,0,4077,98,2,2.00,0,0,0,0,0,0,0.50,0,0,1.00
Titans,TEN,29,MLB,551028183,Damarious Johnson,2,0,3937,5,6,22.00,8,2,0,0,0,0,0.00,0,0,22.00
Titans,TEN,29,CB,551029269,Paul Carruthers,2,0,3357,29,12,52.00,12,10,0,0,5,284,0.00,0,1,31.00
Titans,TEN,29,LOLB,551026809,Spencer Shelton,2,0,3807,11,8,24.00,1,0,1,2,0,0,3.00,0,0,15.00
Titans,TEN,29,SS,551028805,Takoby Cunningham,2,0,3522,37,12,39.00,4,5,2,1,2,1,0.00,0,0,27.00
Titans,TEN,29,LE,551027378,Brandon Dorlus,3,0,10058,93,7,14.00,0,0,0,0,0,0,3.00,0,0,8.00
Titans,TEN,29,LOLB,551027961,Jalyx Hunt,3,0,10112,58,6,7.00,2,2,0,0,0,0,0.50,0,0,6.00
Titans,TEN,29,ROLB,551028385,Jordan Magee,3,0,0,53,5,10.00,0,1,1,0,0,0,0.00,0,0,7.00
Titans,TEN,29,CB,551027670,Christian Gonzalez,4,0,2171,0,5,13.00,1,3,0,0,1,252,0.00,0,0,10.00
Titans,TEN,29,LE,551026772,Felix Anudike-Uzomah,4,0,958,99,3,7.00,0,1,0,0,0,0,2.00,0,0,3.00
Titans,TEN,29,SS,551026861,Jordan Battle,4,0,1298,30,11,42.00,4,5,1,1,3,23,0.00,0,0,30.00
Titans,TEN,29,MLB,551028771,Owen Pappoe,4,0,2347,44,5,15.00,5,0,0,0,0,0,1.00,0,0,13.00
Titans,TEN,29,CB,551028152,Marcus Jones,5,0,1789,25,4,14.00,2,0,0,0,1,29,0.00,0,1,5.00
Titans,TEN,29,RE,551027284,Mike Danna,7,0,853,51,1,1.00,0,0,0,0,0,0,0.00,0,0,1.00
Vikings,MIN,30,SS,551027473,Brandon Tongue,0,0,3760,48,3,3.00,0,0,0,0,0,0,0.00,0,0,3.00
Vikings,MIN,30,RE,551028219,Ethan Feldman,0,0,3380,50,7,9.00,0,2,0,0,1,18,0.00,0,0,6.00
Vikings,MIN,30,DT,551028254,Jamaal Williams,0,0,4076,60,1,1.00,0,0,0,0,0,0,0.00,0,0,1.00
Vikings,MIN,30,MLB,551027482,Troy Freeman,0,0,10315,95,6,7.00,0,0,0,0,0,0,0.00,0,0,7.00
Vikings,MIN,30,SS,551027984,Aaron Swann,1,0,3760,8,6,19.00,0,1,0,0,0,0,1.50,0,0,16.00
Vikings,MIN,30,ROLB,551027928,Brandon Hamilton,1,0,3358,99,2,2.00,0,0,0,0,0,0,0.00,0,0,2.00
Vikings,MIN,30,ROLB,551029188,Jeremiah Diggs,1,0,3638,31,9,21.00,0,0,0,0,0,0,2.00,0,0,17.00
Vikings,MIN,30,CB,551029098,Rafael McGowan,1,0,4205,23,6,15.00,0,2,0,0,2,22,0.00,0,0,9.00
Vikings,MIN,30,CB,551027383,Jerome Lambert,2,0,3945,38,13,39.00,0,7,1,0,1,1,0.00,0,0,33.00
Vikings,MIN,30,CB,551028274,Kamari Lassiter,3,0,10147,10,8,10.00,0,4,0,0,0,0,0.00,0,0,10.00
Vikings,MIN,30,DT,551026983,Bryan Bresee,4,0,1781,90,8,12.00,0,0,0,0,0,0,0.50,0,0,11.00
Vikings,MIN,30,RE,551028781,Josh Paschal,5,0,1877,93,8,17.00,0,1,1,2,0,0,3.00,0,0,8.00
Vikings,MIN,30,MLB,551026753,Troy Andersen,5,0,1133,44,13,52.00,0,6,1,1,4,361,0.00,0,1,31.00
Vikings,MIN,30,LE,551029433,Joe Tryon-Shoyinka,6,0,1020,91,8,32.00,0,0,3,0,0,0,4.50,0,0,14.00
Vikings,MIN,30,CB,551029288,Patrick Surtain II,6,0,1301,2,12,49.00,0,10,1,0,5,29,0.00,0,0,31.00
Vikings,MIN,30,FS,551028119,Brandon Jones,7,0,404,34,9,27.00,0,4,0,0,3,41,0.00,0,0,18.00
Vikings,MIN,30,DT,551027750,DaVon Hamilton,7,3,317,98,6,12.00,0,0,0,1,0,0,2.00,0,0,8.00
Vikings,MIN,30,CB,551028628,Byron Murphy Jr,8,0,9582,22,10,30.00,0,3,0,0,3,63,0.00,0,1,15.00
Vikings,MIN,30,FS,551027615,C.J. Gardner-Johnson,8,0,10357,8,12,20.00,0,5,0,0,0,0,0.00,0,0,20.00
Vikings,MIN,30,LOLB,551026849,Cody Barton,8,0,9381,54,3,3.00,0,0,0,0,0,0,0.00,0,0,3.00
Vikings,MIN,30,CB,551028347,David Long Jr,8,0,9555,28,6,5.00,0,2,0,0,0,0,0.00,0,0,5.00
Vikings,MIN,30,LOLB,551028736,Foyesade Oluokun,9,0,9347,20,11,32.00,0,5,0,0,1,8,4.50,0,0,20.00
Vikings,MIN,30,DT,551029252,Grover Stewart,10,3,9293,96,5,12.00,0,1,0,0,0,0,3.00,0,0,6.00
Vikings,MIN,30,LE,551027427,Samson Ebukam,10,0,9177,51,2,2.00,0,0,0,0,0,0,0.00,0,0,2.00
