team__displayName,team__abbrName,team__logoId,player__position,player__rosterId,player__fullName,player__yearsPro,player__injuryLength,player__portraitId,player__jerseyNum,gamesPlayed,fantasy_points,rushTotalAtt,rushTotalBrokenTackles,rushTotalFum,rushTotalLongest,rushTotalTDs,rushTotal20PlusYds,rushTotalYdsAfterContact,rushTotalYds,rushAvgYdsAfterContact,rushAvgYdsPerAtt,rushAvgYdsPerGame
49ers,SF,14,WR,551029860,Brian Mack,0,0,10355,8,7,79.70,4,8,2,13,0,0,5,23,0.71,5.75,2.80
49ers,SF,14,QB,551028207,Asaad Worthy,1,0,3403,1,5,10.50,20,1,0,6,1,0,1,45,0.20,2.25,3.42
49ers,SF,14,WR,551029834,Michael Gomez,1,0,3963,0,9,72.30,2,19,1,13,0,0,2,19,0.22,9.50,0.41
49ers,SF,14,WR,551029847,Terrelle Foster,1,0,3402,88,1,0.00,0,1,0,0,0,0,0,0,0.00,0.00,0.00
49ers,SF,14,HB,551027281,Ben Autry,2,0,3810,30,12,103.60,74,26,2,27,2,2,50,264,4.17,3.57,11.98
49ers,SF,14,TE,551027259,Brandon Clayton,2,0,10315,82,1,2.10,0,1,0,0,0,0,0,0,0.00,0.00,0.00
49ers,SF,14,WR,551029798,DeMarcus Logan,2,0,3571,89,6,14.30,1,9,2,0,0,0,0,0,0.00,0.00,0.00
49ers,SF,14,HB,551029422,Kashawn Winter,2,0,3761,26,1,0.20,1,0,0,2,0,0,0,2,0.00,2.00,0.33
49ers,SF,14,HB,551029468,Sione Vaki,3,0,10277,33,9,36.40,27,5,0,32,3,1,14,98,1.56,3.63,6.31
49ers,SF,14,QB,551029745,Bryce Young,4,0,2638,4,5,24.60,6,2,1,22,1,1,7,38,1.40,6.33,4.81
49ers,SF,14,TE,551028325,Isaiah Likely,5,0,1807,80,1,2.50,0,1,0,0,0,0,0,0,0.00,0.00,0.00
49ers,SF,14,TE,551027522,Jake Ferguson,5,0,1577,84,7,50.40,0,12,0,0,0,0,0,0,0.00,0.00,0.00
49ers,SF,14,WR,551029630,Jameson Williams,5,6,2033,9,11,157.80,2,26,1,2,0,0,5,4,0.45,2.00,0.36
Bears,CHI,0,WR,551029866,Bryan Andrews,0,0,3718,15,6,16.40,0,6,2,0,0,0,0,0,0.00,0.00,0.00
Bears,CHI,0,TE,551028728,Nathan Blankenship,0,0,10317,11,2,6.00,1,1,0,0,1,0,1,0,0.50,0.00,0.00
Bears,CHI,0,HB,551028451,Nathan Fulton,0,0,3970,34,13,42.60,29,18,3,20,1,1,20,107,1.54,3.69,7.64
Bears,CHI,0,HB,551028424,Edward Cooper,2,6,3842,2,13,111.50,125,19,2,56,10,2,112,525,8.62,4.20,31.08
Bears,CHI,0,WR,551029674,Roman Wilson,3,0,10303,10,5,55.30,0,7,0,0,0,0,0,0,0.00,0.00,0.00
Bears,CHI,0,QB,551029279,C.J. Stroud,4,0,2417,7,12,56.48,34,4,5,14,0,0,22,130,1.83,3.82,10.26
Bears,CHI,0,TE,551027870,Elijah Higgins,4,0,2209,84,3,42.60,0,5,0,0,0,0,0,0,0.00,0.00,0.00
Bears,CHI,0,TE,551028640,Luke Musgrave,4,0,3364,88,7,114.50,0,14,0,0,0,0,0,0,0.00,0.00,0.00
Bears,CHI,0,WR,551029666,Garrett Wilson,5,0,2040,5,8,35.70,2,11,0,8,0,0,2,6,0.25,3.00,1.18
Bears,CHI,0,WR,551028836,George Pickens,5,5,1888,14,7,35.20,1,10,0,7,0,0,1,7,0.14,7.00,0.70
Bengals,CIN,1,TE,551026883,Howie Gabriel,1,0,4203,84,1,2.80,0,1,0,0,0,0,0,0,0.00,0.00,0.00
Bengals,CIN,1,HB,551027537,Jahlil Johnson,1,0,4222,16,13,34.40,37,10,0,43,1,1,25,165,1.92,4.46,10.28
Bengals,CIN,1,WR,551029836,Marques Dailey,1,0,3755,87,2,0.00,0,2,0,0,0,0,0,0,0.00,0.00,0.00
Bengals,CIN,1,QB,551028650,Frank Altman,2,0,4089,3,13,60.16,48,5,1,19,4,0,6,216,0.46,4.50,15.46
Bengals,CIN,1,TE,551028946,Tip Reiman,3,0,10225,81,1,0.00,0,2,0,0,0,0,0,0,0.00,0.00,0.00
Bengals,CIN,1,WR,551029716,Xavier Worthy,3,0,10305,1,5,24.30,0,6,0,0,0,0,0,0,0.00,0.00,0.00
Bengals,CIN,1,TE,551029270,Brenton Strange,4,0,2415,88,1,-2.80,1,3,1,0,0,0,0,-8,0.00,-8.00,-0.89
Bengals,CIN,1,WR,551027973,Jalin Hyatt,4,0,2219,13,2,0.00,0,3,0,0,0,0,0,0,0.00,0.00,0.00
Bengals,CIN,1,HB,551027144,Zach Charbonnet,4,3,1919,26,2,1.30,2,0,0,1,0,0,3,-1,1.50,-0.50,-0.20
Bengals,CIN,1,HB,551029539,Jaylen Warren,5,0,2012,27,13,47.20,117,12,1,27,5,1,114,437,8.77,3.74,31.57
Bengals,CIN,1,FB,551027981,Alec Ingold,8,0,9514,47,1,0.00,0,1,0,0,0,0,0,0,0.00,0.00,0.00
Bengals,CIN,1,WR,551028080,Diontae Johnson,8,0,9529,14,6,49.90,2,10,0,6,0,0,1,5,0.17,2.50,0.04
Bengals,CIN,1,WR,551028226,Christian Kirk,9,7,8963,89,5,12.10,3,2,1,3,0,0,0,-1,0.00,-0.33,-0.42
Bills,BUF,2,TE,551026965,Gabe Burrell,0,0,3763,83,1,0.00,0,1,0,0,0,0,0,0,0.00,0.00,0.00
Bills,BUF,2,FB,551029532,James Stewart,0,0,3410,45,2,3.00,0,2,0,0,0,0,0,0,0.00,0.00,0.00
Bills,BUF,2,WR,551029878,Juan Harris,0,0,3378,89,4,35.40,1,3,0,2,0,0,0,2,0.00,2.00,0.13
Bills,BUF,2,TE,551029479,Clayton Myers,1,0,3810,4,6,37.90,0,7,0,0,0,0,0,0,0.00,0.00,0.00
Bills,BUF,2,HB,551027296,C.J. Doolittle,2,0,4067,29,8,19.00,15,7,0,15,1,0,51,62,6.38,4.13,4.45
Bills,BUF,2,WR,551029803,Joe Brooks,2,0,3760,87,1,0.00,0,1,0,0,0,0,0,0,0.00,0.00,0.00
Bills,BUF,2,TE,551027267,Devin Culp,3,0,10047,82,1,11.40,0,1,0,0,0,0,0,0,0.00,0.00,0.00
Bills,BUF,2,HB,551029729,Jaylen Wright,3,0,10306,25,13,123.12,223,64,6,83,10,11,381,1267,29.31,5.68,99.46
Bills,BUF,2,QB,551029425,Jordan Travis,3,0,10269,6,1,16.80,2,0,0,0,0,0,0,-2,0.00,-1.00,-1.00
Bills,BUF,2,FB,551027686,Tylan Grable,3,0,10087,40,1,0.00,0,1,0,0,0,0,0,0,0.00,0.00,0.00
Bills,BUF,2,WR,551029209,Jaxon Smith-Njigba,4,0,2401,84,1,0.00,0,1,0,0,0,0,0,0,0.00,0.00,0.00
Bills,BUF,2,WR,551028936,Jayden Reed,4,0,2365,85,1,32.20,0,2,0,0,0,0,0,0,0.00,0.00,0.00
Bills,BUF,2,QB,551027404,Max Duggan,4,0,2118,8,9,11.80,18,1,1,12,0,0,21,87,2.33,4.83,7.99
Bills,BUF,2,WR,551029386,Tyquan Thornton,5,6,1985,88,2,8.10,0,2,0,0,0,0,0,0,0.00,0.00,0.00
Bills,BUF,2,WR,551029085,Anthony Schwartz,6,0,1363,86,3,21.20,1,2,0,9,0,0,1,9,0.33,9.00,0.88
Broncos,DEN,3,TE,551027908,Cory Foster,0,6,3404,80,6,25.10,0,9,1,0,0,0,0,0,0.00,0.00,0.00
Broncos,DEN,3,WR,551029876,Taj Banyard,0,0,3926,88,1,-2.00,0,0,1,0,0,0,0,0,0.00,0.00,0.00
Broncos,DEN,3,HB,551027947,Eric Smith,2,7,3939,21,7,25.70,64,13,0,12,0,0,69,241,9.86,3.77,26.47
Broncos,DEN,3,HB,551026999,Jonathon Brooks,3,0,10022,24,8,40.50,67,12,2,18,0,0,65,254,8.13,3.79,25.99
Broncos,DEN,3,WR,551028455,Ladd McConkey,3,0,10169,15,12,176.20,8,18,1,12,0,0,4,34,0.33,4.25,3.21
Broncos,DEN,3,WR,551027388,Demario Douglas,4,0,3083,84,1,-2.00,0,1,1,0,0,0,0,0,0.00,0.00,0.00
Broncos,DEN,3,WR,551028936,Jayden Reed,4,0,2365,85,3,-2.00,0,2,1,0,0,0,0,0,0.00,0.00,0.00
Broncos,DEN,3,WR,551026704,Jordan Addison,4,0,813,3,4,37.00,0,7,1,0,0,0,0,0,0.00,0.00,0.00
Broncos,DEN,3,HB,551029224,Tyjae Spears,4,0,2405,2,6,25.50,23,1,0,9,4,0,5,77,0.83,3.35,8.11
Broncos,DEN,3,QB,551028285,Trevor Lawrence,6,0,1372,16,13,107.28,54,0,2,43,9,2,5,214,0.38,3.96,15.65
Broncos,DEN,3,TE,551028089,Juwan Johnson,7,0,399,81,3,13.60,0,4,0,0,0,0,0,0,0.00,0.00,0.00
Browns,CLE,4,QB,551028780,Tavon Pleasant,0,0,10329,15,13,147.56,90,5,1,22,13,4,55,409,4.23,4.54,28.17
Browns,CLE,4,TE,551029717,Anthony Buckhalter,2,0,3939,83,4,9.10,0,5,0,0,0,0,0,0,0.00,0.00,0.00
Browns,CLE,4,HB,551026789,Antwaun Moore,2,0,3711,4,12,93.40,99,25,0,19,3,0,178,497,14.83,5.02,30.52
Browns,CLE,4,WR,551029820,Devin Wilkerson,2,0,3373,86,3,5.40,0,4,0,0,0,0,0,0,0.00,0.00,0.00
Browns,CLE,4,FB,551028645,Rashaud McCray,2,0,3347,40,9,15.90,8,10,0,16,1,0,12,37,1.33,4.62,1.96
Browns,CLE,4,WR,551029512,Devontez Walker,3,0,10281,82,6,7.60,0,8,0,0,0,0,0,0,0.00,0.00,0.00
Browns,CLE,4,WR,551028769,Trey Palmer,4,0,2608,10,3,2.00,0,3,0,0,0,0,0,0,0.00,0.00,0.00
Browns,CLE,4,WR,551028344,Drake London,5,0,1813,5,8,89.20,2,16,2,7,0,0,3,6,0.38,3.00,0.77
Browns,CLE,4,HB,551027551,Jerome Ford,5,0,1604,34,10,54.90,53,12,0,20,4,1,74,218,7.40,4.11,24.41
Browns,CLE,4,TE,551027664,Dallas Goedert,9,0,8901,88,1,34.90,0,1,0,0,0,0,0,0,0.00,0.00,0.00
Browns,CLE,4,WR,551027226,Amari Cooper,12,0,7060,89,2,8.90,0,1,1,0,0,0,0,0,0.00,0.00,0.00
Buccaneers,TB,5,HB,551027672,Taylor Gamble,0,0,10354,21,10,55.00,53,7,0,32,6,3,80,232,8.00,4.38,19.79
Buccaneers,TB,5,HB,551029151,Victor Johnson,1,0,4084,11,6,21.80,56,11,1,38,3,4,56,277,9.33,4.95,59.10
Buccaneers,TB,5,WR,551029802,Dave Elam,2,0,3765,80,2,0.00,0,2,0,0,0,0,0,0,0.00,0.00,0.00
Buccaneers,TB,5,HB,551026730,Braelon Allen,3,0,9996,19,9,35.60,82,15,0,19,4,0,79,281,8.78,3.43,26.15
Buccaneers,TB,5,WR,551027068,Jermaine Burton,3,0,10026,14,1,2.10,0,1,0,0,0,0,0,0,0.00,0.00,0.00
Buccaneers,TB,5,WR,551027654,Xavier Gipson,4,0,0,17,3,0.00,0,3,0,0,0,0,0,0,0.00,0.00,0.00
Buccaneers,TB,5,WR,551029399,Jalen Tolbert,5,0,1987,18,3,46.20,1,3,0,2,0,0,1,2,0.33,2.00,0.21
Buccaneers,TB,5,WR,551028767,Joshua Palmer,6,0,1248,15,7,45.20,1,8,0,6,0,0,0,6,0.00,6.00,0.07
Buccaneers,TB,5,HB,551029249,Rhamondre Stevenson,6,0,1146,38,7,7.00,16,2,0,8,1,0,11,33,1.57,2.06,1.49
Buccaneers,TB,5,HB,551027365,A.J. Dillon,7,0,716,47,2,0.20,2,0,0,2,0,0,1,2,0.50,1.00,0.09
Buccaneers,TB,5,WR,551028261,CeeDee Lamb,7,0,418,8,5,53.90,1,11,0,0,0,0,1,-1,0.20,-1.00,-0.11
Buccaneers,TB,5,QB,551029303,Tua Tagovailoa,7,0,600,1,9,27.32,35,1,0,9,1,0,1,109,0.11,3.11,3.09
Buccaneers,TB,5,TE,551027499,Noah Fant,8,0,9452,16,1,1.20,0,1,0,0,0,0,0,0,0.00,0.00,0.00
Buccaneers,TB,5,TE,551027468,Evan Engram,10,0,8545,3,8,45.30,0,10,0,0,0,0,0,0,0.00,0.00,0.00
Cardinals,ARI,6,TE,551028445,Mark Hainz,0,0,4204,81,4,9.80,4,1,0,5,1,0,3,10,0.75,2.50,0.71
Cardinals,ARI,6,HB,551028435,Ruben Stockton,0,0,3810,21,12,41.30,63,6,0,34,2,2,66,315,5.50,5.00,21.48
Cardinals,ARI,6,QB,551028203,Justin Espinosa,2,0,3938,15,8,50.76,19,1,1,9,2,0,1,69,0.13,3.63,4.12
Cardinals,ARI,6,TE,551029148,Ben Sinnott,3,0,10247,82,7,60.90,0,9,0,0,0,0,0,0,0.00,0.00,0.00
Cardinals,ARI,6,WR,551026819,Javon Baker,3,0,10004,80,9,98.20,4,12,0,7,0,0,3,6,0.33,1.50,0.35
Cardinals,ARI,6,WR,551028962,Rashee Rice,4,0,2366,85,10,82.90,7,10,0,8,0,0,2,34,0.20,4.86,1.92
Cardinals,ARI,6,WR,551029436,Tre Tucker,4,0,2436,88,8,49.20,3,7,0,6,1,0,0,13,0.00,4.33,0.53
Cardinals,ARI,6,TE,551026882,Daniel Bellinger,5,0,1168,44,1,0.00,0,1,0,0,0,0,0,0,0.00,0.00,0.00
Cardinals,ARI,6,HB,551028412,Jordan Mason,5,0,4679,23,7,6.70,10,4,1,8,3,0,1,42,0.14,4.20,1.45
Cardinals,ARI,6,HB,551027942,Chuba Hubbard,6,0,1234,37,12,98.40,123,22,3,33,5,2,158,538,13.17,4.37,44.49
Cardinals,ARI,6,WR,551029551,Quez Watkins,7,0,651,89,3,18.70,1,3,1,1,0,0,3,1,1.00,1.00,0.28
Cardinals,ARI,6,QB,551028876,Dak Prescott,11,0,8179,5,5,0.00,6,0,0,5,0,0,4,0,0.80,0.00,-0.24
Chargers,LAC,7,HB,551028860,Sheldon DeVoe,0,0,10340,44,1,0.00,1,0,0,0,0,0,0,0,0.00,0.00,0.00
Chargers,LAC,7,WR,551029070,Terrence Garrett,1,0,3350,14,1,0.00,0,1,0,0,0,0,0,0,0.00,0.00,0.00
Chargers,LAC,7,WR,551029815,Derek Stamper,2,0,3660,3,2,6.60,0,3,1,0,0,0,0,0,0.00,0.00,0.00
Chargers,LAC,7,QB,551027155,Max Williams,2,0,3673,6,4,-0.90,9,0,0,0,0,0,0,-9,0.00,-1.00,-0.96
Chargers,LAC,7,WR,551029821,Sterling Coates,2,0,10353,2,1,6.30,0,2,0,0,0,0,0,0,0.00,0.00,0.00
Chargers,LAC,7,QB,551028545,Joe Milton III,3,0,10180,1,11,60.60,41,5,1,10,4,0,3,136,0.27,3.32,8.82
Chargers,LAC,7,WR,551028648,Malik Nabers,3,0,10192,10,4,37.80,4,2,1,14,0,0,8,23,2.00,5.75,1.69
Chargers,LAC,7,WR,551027795,Marvin Harrison Jr,3,0,10102,18,2,13.50,2,0,0,7,0,0,0,10,0.00,5.00,4.22
Chargers,LAC,7,HB,551026890,Trey Benson,3,0,10011,33,13,68.50,153,42,0,73,12,3,240,756,18.46,4.94,57.91
Chargers,LAC,7,WR,551028302,Xavier Legette,3,0,10156,17,2,17.70,1,6,1,14,0,0,4,14,2.00,14.00,2.80
Chargers,LAC,7,HB,551028024,Josh Jacobs,8,0,9520,8,12,49.80,32,6,0,97,2,1,102,225,8.50,7.03,12.70
Chargers,LAC,7,WR,551027025,Marquise Brown,8,4,9402,13,1,0.00,0,2,0,0,0,0,0,0,0.00,0.00,0.00
Chargers,LAC,7,TE,551028681,David Njoku,10,0,8674,85,6,41.80,0,10,0,0,0,0,0,0,0.00,0.00,0.00
Chargers,LAC,7,HB,551028561,Joe Mixon,10,9,9241,23,5,7.00,5,2,0,28,0,1,10,56,2.00,11.20,3.54
Chiefs,KC,8,FB,551028661,Anthony Ruiz,0,0,3377,21,7,17.00,16,2,0,11,2,0,15,37,2.14,2.31,2.40
Chiefs,KC,8,WR,551029835,Calvin Johnson,1,0,3764,13,3,0.00,0,5,0,0,0,0,0,0,0.00,0.00,0.00
Chiefs,KC,8,HB,551028145,Kevin Aldridge,1,0,3809,22,9,18.90,31,8,0,31,3,3,44,134,4.89,4.32,10.92
Chiefs,KC,8,TE,551028902,Zach Tramer,1,0,10317,89,2,0.00,0,2,0,0,0,0,0,0,0.00,0.00,0.00
Chiefs,KC,8,WR,551029801,Andrew Springs,2,0,4202,81,2,5.00,0,1,2,0,0,0,0,0,0.00,0.00,0.00
Chiefs,KC,8,QB,551029686,Jason Devlin,2,0,3360,5,1,0.00,1,0,0,0,0,0,1,0,1.00,0.00,0.00
Chiefs,KC,8,TE,551027400,Levi Altman,2,0,10317,45,6,65.40,0,7,0,0,0,0,0,0,0.00,0.00,0.00
Chiefs,KC,8,WR,551027393,Josh Downs,4,0,2117,1,5,24.90,3,7,1,7,0,0,0,15,0.00,5.00,1.88
Chiefs,KC,8,WR,551029671,Michael Wilson,4,0,2480,14,3,34.20,1,3,2,3,0,0,0,3,0.00,3.00,0.20
Chiefs,KC,8,HB,551029593,Rachaad White,5,0,2028,4,12,81.90,148,21,2,38,4,1,87,520,7.25,3.51,51.78
Chiefs,KC,8,HB,551027326,Tyrion Davis-Price,5,6,1328,35,3,8.40,10,8,0,27,0,2,42,84,14.00,8.40,3.50
Chiefs,KC,8,QB,551028130,Daniel Jones,8,0,9537,8,13,50.90,43,3,1,31,2,1,18,135,1.38,3.14,13.04
Chiefs,KC,8,QB,551027374,Joshua Dobbs,10,0,8533,15,1,3.10,6,0,0,7,0,0,0,31,0.00,5.17,3.88
Colts,IND,9,WR,551029870,Malik Clemens,0,0,4082,17,7,42.50,4,7,1,5,0,0,0,15,0.00,3.75,1.58
Colts,IND,9,HB,551027744,Ben Beckham,1,0,4082,26,8,10.40,9,8,0,8,1,0,1,30,0.13,3.33,4.93
Colts,IND,9,WR,551029845,Bruce Knight,1,0,3926,83,1,0.00,0,1,0,0,0,0,0,0,0.00,0.00,0.00
Colts,IND,9,TE,551028415,Cordell Baker,1,0,4084,84,1,0.00,0,1,0,0,0,0,0,0,0.00,0.00,0.00
Colts,IND,9,HB,551026935,Courtney Cooks,1,0,3711,33,13,67.80,107,24,1,15,5,0,50,331,3.85,3.09,23.57
Colts,IND,9,FB,551029219,Alex Long,2,0,3404,46,3,0.30,1,2,0,3,0,0,0,3,0.00,3.00,0.40
Colts,IND,9,HB,551029598,Chad McKinney,2,0,10337,32,6,5.30,6,3,0,7,0,0,0,9,0.00,1.50,1.91
Colts,IND,9,WR,551029810,Lamar Traynor,2,0,10329,18,3,0.00,0,4,0,0,0,0,0,0,0.00,0.00,0.00
Colts,IND,9,TE,551028755,Cade Otton,5,0,1872,88,4,0.00,0,8,0,0,0,0,0,0,0.00,0.00,0.00
Colts,IND,9,QB,551027067,Joe Burrow,7,0,198,3,13,48.20,65,6,4,29,1,1,12,342,0.92,5.26,27.88
Colts,IND,9,WR,551028585,D.J. Moore,9,0,8995,2,10,33.70,9,3,3,8,0,0,0,20,0.00,2.22,0.93
Commanders,WAS,25,TE,551026887,George Gerard,0,3,3491,87,9,148.60,5,12,0,1,1,0,2,2,0.22,0.40,0.27
Commanders,WAS,25,TE,551027632,Tom Burton,0,0,3667,85,1,0.00,0,2,0,0,0,0,0,0,0.00,0.00,0.00
Commanders,WAS,25,HB,551027460,Cam Henson,1,0,4080,35,5,7.70,8,7,0,11,0,0,11,43,2.20,5.38,2.40
Commanders,WAS,25,HB,551028533,Luke Hurns,2,0,3809,11,9,39.40,56,12,0,16,3,0,97,247,10.78,4.41,17.09
Commanders,WAS,25,WR,551029825,Trey Jones,2,0,3554,12,1,-2.00,0,1,1,0,0,0,0,0,0.00,0.00,0.00
Commanders,WAS,25,WR,551027249,Jacob Cowing,3,0,10355,19,8,72.40,0,19,0,0,0,0,0,0,0.00,0.00,0.00
Commanders,WAS,25,WR,551029601,Jordan Whittington,3,0,10292,86,3,8.40,0,5,0,0,0,0,0,0,0.00,0.00,0.00
Commanders,WAS,25,HB,551027636,Jahmyr Gibbs,4,0,2564,34,10,63.00,96,17,2,56,4,3,210,485,21.00,5.05,39.84
Commanders,WAS,25,TE,551028391,Will Mallory,4,0,2293,80,1,0.00,0,1,0,0,0,0,0,0,0.00,0.00,0.00
Commanders,WAS,25,WR,551027543,Zay Flowers,4,0,2140,82,7,90.40,0,12,0,0,0,0,0,0,0.00,0.00,0.00
Commanders,WAS,25,QB,551028150,Mac Jones,6,0,1371,10,1,-0.30,3,0,0,0,0,0,0,-3,0.00,-1.00,-0.43
Commanders,WAS,25,WR,551029551,Quez Watkins,7,0,651,89,3,-2.00,0,2,1,0,0,0,0,0,0.00,0.00,0.12
Commanders,WAS,25,QB,551028389,Patrick Mahomes,10,0,8648,15,11,63.14,23,2,2,13,2,0,7,61,0.64,2.65,5.13
Cowboys,DAL,10,HB,551027939,Damien Hinton,0,0,3939,3,13,57.50,64,26,1,52,4,4,59,386,4.54,6.03,24.34
Cowboys,DAL,10,FB,551028123,Russell Jackson,0,0,3380,37,3,7.50,9,3,0,6,1,0,7,12,2.33,1.33,5.17
Cowboys,DAL,10,WR,551029862,Zach Nash,0,5,3362,16,3,22.60,0,3,0,0,0,0,0,0,0.00,0.00,0.00
Cowboys,DAL,10,HB,551027200,DeAndre McBride,1,0,3358,9,8,23.40,27,11,0,43,1,3,39,174,4.88,6.44,21.10
Cowboys,DAL,10,WR,551029853,De'Angelo Dailey,1,0,3349,88,6,29.20,4,4,0,78,1,1,85,90,14.17,22.50,9.81
Cowboys,DAL,10,FB,551026987,James Reddick,1,0,4067,41,7,8.40,10,1,0,7,1,0,7,8,1.00,0.80,0.43
Cowboys,DAL,10,WR,551027183,John Jefferson,1,0,3851,85,5,49.20,2,6,1,5,0,0,4,2,0.80,1.00,-0.40
Cowboys,DAL,10,QB,551029750,Steven Cohen,1,0,3360,11,4,24.52,6,1,0,12,0,0,2,8,0.50,1.33,-0.13
Cowboys,DAL,10,TE,551027436,Thomas Walford,1,0,10344,81,2,12.00,0,2,0,0,0,0,0,0,0.00,0.00,0.00
Cowboys,DAL,10,QB,551028802,Michael Penix Jr,3,0,10207,7,9,25.50,41,2,3,18,3,0,32,135,3.56,3.29,9.89
Cowboys,DAL,10,HB,551027016,Chase Brown,4,0,1827,30,7,42.70,61,9,1,36,2,2,73,238,10.43,3.90,37.93
Cowboys,DAL,10,FB,551028365,Hunter Luepke,4,0,2291,40,7,8.20,11,4,0,10,1,0,22,28,3.14,2.55,2.09
Cowboys,DAL,10,TE,551028432,Michael Mayer,4,0,2299,87,2,16.10,0,2,0,0,0,0,0,0,0.00,0.00,0.00
Cowboys,DAL,10,HB,551029639,Kyren Williams,5,5,2036,23,3,23.20,20,0,0,49,2,1,23,112,7.67,5.60,10.92
Cowboys,DAL,10,QB,551028265,Trey Lance,6,6,1368,19,5,5.40,15,2,0,20,0,1,21,54,4.20,3.60,5.45
Dolphins,MIA,11,WR,551029895,James Justice,0,0,3832,85,1,0.00,0,1,0,0,0,0,0,0,0.00,0.00,0.00
Dolphins,MIA,11,FB,551029164,Andrew Bowden,2,0,3704,44,3,12.30,2,1,0,2,2,0,1,3,0.33,1.50,0.63
Dolphins,MIA,11,HB,551029045,Trae Kilgore,2,0,4069,29,5,2.00,6,2,0,6,0,0,3,20,0.60,3.33,2.20
Dolphins,MIA,11,WR,551027684,Anthony Gould,3,0,10086,89,1,0.00,0,2,0,0,0,0,0,0,0.00,0.00,0.00
Dolphins,MIA,11,HB,551028557,Keaton Mitchell,4,0,4736,30,13,76.00,124,28,1,19,4,0,83,384,6.38,3.10,19.02
Dolphins,MIA,11,TE,551029082,Luke Schoonmaker,4,6,2384,88,2,-2.00,0,1,1,0,0,0,0,0,0.00,0.00,0.00
Dolphins,MIA,11,WR,551027203,Nico Collins,6,0,1148,12,3,13.30,2,2,0,6,0,0,0,8,0.00,4.00,0.21
Dolphins,MIA,11,WR,551026857,Rashod Bateman,6,0,1236,10,4,19.00,5,0,0,6,0,0,0,10,0.00,2.00,1.23
Dolphins,MIA,11,WR,551026717,Brandon Aiyuk,7,0,71,11,6,51.60,6,3,0,9,0,0,0,25,0.00,4.17,1.33
Dolphins,MIA,11,HB,551027373,J.K. Dobbins,7,0,257,27,11,55.10,32,11,0,13,3,0,27,119,2.45,3.72,6.17
Dolphins,MIA,11,TE,551027893,T.J. Hockenson,8,5,9503,87,3,10.40,0,4,0,0,0,0,0,0,0.00,0.00,0.00
Dolphins,MIA,11,QB,551026737,Josh Allen,9,0,8800,17,10,20.86,39,5,3,9,0,0,32,179,3.20,4.59,13.38
Eagles,PHI,12,WR,551029807,Jabari Clark,2,0,3963,84,9,43.20,0,16,1,0,0,0,0,0,0.00,0.00,0.00
Eagles,PHI,12,HB,551027073,Kaleb Woodward,2,0,3400,36,10,70.10,123,23,4,20,5,1,177,403,17.70,3.28,50.37
Eagles,PHI,12,TE,551028215,Dalton Kincaid,4,0,2277,86,5,23.30,0,7,0,0,0,0,0,0,0.00,0.00,0.00
Eagles,PHI,12,WR,551027341,Tank Dell,4,0,2090,3,4,18.30,1,3,2,1,0,0,2,1,0.50,1.00,0.06
Eagles,PHI,12,WR,551029110,Khalil Shakir,5,0,1942,82,7,42.10,0,8,1,0,0,0,0,0,0.00,0.00,0.00
Eagles,PHI,12,HB,551029595,Zamir White,5,0,2030,31,8,50.60,42,7,0,63,5,1,105,206,13.13,4.90,10.09
Eagles,PHI,12,HB,551027439,Clyde Edwards-Helaire,7,0,271,25,3,3.60,10,2,0,8,0,0,6,34,2.00,3.40,4.21
Eagles,PHI,12,WR,551027418,Devin Duvernay,7,0,265,12,5,17.80,0,5,0,0,0,0,0,0,0.00,0.00,0.00
Eagles,PHI,12,QB,551027970,Jalen Hurts,7,0,704,1,13,118.22,61,5,1,55,6,3,23,454,1.77,7.44,33.68
Eagles,PHI,12,QB,551027967,Tyler Huntley,7,0,904,4,6,5.40,11,0,0,4,1,0,0,-6,0.00,-0.55,-1.40
Falcons,ATL,13,WR,551029859,Timmy Middleton,0,0,3756,83,5,9.20,0,10,0,0,0,0,0,0,0.00,0.00,0.00
Falcons,ATL,13,HB,551029111,Tyrique Thorne,1,0,3970,20,13,126.80,170,34,0,24,10,1,189,619,14.54,3.64,44.99
Falcons,ATL,13,WR,551029827,Evan Smith,2,0,3491,84,4,38.90,1,5,0,0,0,0,0,-3,0.00,-3.00,-0.07
Falcons,ATL,13,HB,551028472,Rashad Burton,2,0,3845,30,12,47.20,57,16,2,61,0,3,83,352,6.92,6.18,25.30
Falcons,ATL,13,TE,551026836,A.J. Barner,3,0,10005,82,1,3.00,0,2,0,0,0,0,0,0,0.00,0.00,0.00
Falcons,ATL,13,WR,551029552,Christian Watson,5,0,2013,9,9,116.10,1,16,2,4,0,0,0,4,0.00,4.00,0.44
Falcons,ATL,13,WR,551027387,Romeo Doubs,5,0,1471,87,3,29.70,0,5,0,0,0,0,0,0,0.00,0.00,0.00
Falcons,ATL,13,TE,551028777,Colby Parkinson,7,0,504,86,3,32.60,0,3,0,0,0,0,0,0,0.00,0.00,0.00
Falcons,ATL,13,QB,551027849,Justin Herbert,7,0,346,10,11,73.90,37,1,2,15,4,0,2,160,0.18,4.32,16.49
Falcons,ATL,13,TE,551027369,Will Dissly,9,0,8871,81,1,4.90,0,1,0,0,0,0,0,0,0.00,0.00,0.00
Giants,NYG,15,QB,551028995,Braxton Schwartz,0,0,3667,12,11,49.20,30,2,0,12,3,0,10,58,0.91,1.93,1.55
Giants,NYG,15,WR,551029856,Marquez Beckett,0,0,3943,1,4,45.10,1,3,0,0,0,0,0,-2,0.00,-2.00,-0.17
Giants,NYG,15,TE,551027688,Andrew Acosta,1,0,3667,88,1,2.40,0,2,0,0,0,0,0,0,0.00,0.00,0.00
Giants,NYG,15,TE,551027798,Josh Tucker,1,0,4204,3,4,2.40,3,2,0,4,0,0,11,10,2.75,3.33,1.53
Giants,NYG,15,HB,551029138,Marquise Kirkpatrick,1,0,3763,2,5,8.00,28,4,1,12,0,0,28,100,5.60,3.57,2.02
Giants,NYG,15,WR,551029826,Jacoby Bradshaw,2,0,3763,80,1,0.00,0,1,0,0,0,0,0,0,0.00,0.00,0.00
Giants,NYG,15,HB,551027737,Breece Hall,5,4,1747,20,13,180.40,130,36,1,35,9,4,174,720,13.38,5.54,65.58
Giants,NYG,15,WR,551029004,Wan'Dale Robinson,5,0,1924,19,1,0.00,0,1,0,0,0,0,0,0,0.00,0.00,0.00
Giants,NYG,15,HB,551028612,Zack Moss,7,0,474,15,1,0.60,1,0,0,6,0,0,6,6,6.00,6.00,1.00
Giants,NYG,15,WR,551028526,D.K. Metcalf,8,0,9569,14,6,107.30,0,13,0,0,0,0,0,0,0.00,0.00,0.00
Giants,NYG,15,WR,551028530,Jakobi Meyers,8,0,9570,8,3,1.70,0,2,1,0,0,0,0,0,0.00,0.00,0.00
Giants,NYG,15,WR,551028497,Terry McLaurin,8,0,9567,17,1,0.00,0,1,0,0,0,0,0,0,0.00,0.00,0.00
Giants,NYG,15,TE,551026767,Mark Andrews,9,0,8802,89,6,12.60,0,14,0,0,0,0,0,0,0.00,0.00,0.00
Jaguars,JAX,16,HB,551027186,David Little,1,0,4207,21,5,3.80,8,3,0,10,0,0,4,27,0.80,3.38,2.23
Jaguars,JAX,16,TE,551028272,DeAndre Adams,1,0,3926,80,1,0.00,0,1,0,0,0,0,0,0,0.00,0.00,0.00
Jaguars,JAX,16,WR,551029839,Eric Campbell,1,0,10354,19,3,15.70,0,3,0,0,0,0,0,0,0.00,0.00,0.00
Jaguars,JAX,16,QB,551026735,Cameron Jarrett,2,0,3869,1,1,-2.00,0,0,1,0,0,0,0,0,0.00,0.00,0.00
Jaguars,JAX,16,WR,551029345,Brian Thomas Jr,3,0,10263,83,7,162.40,3,9,0,9,0,0,5,16,0.71,5.33,1.54
Jaguars,JAX,16,HB,551026695,De'Von Achane,4,0,676,28,13,140.30,173,31,0,84,10,8,277,996,21.31,5.76,56.52
Jaguars,JAX,16,QB,551028314,Will Levis,4,0,7889,8,12,83.82,38,3,0,20,0,1,1,127,0.08,3.34,11.38
Jaguars,JAX,16,HB,551026742,Tyler Allgeier,5,3,1132,38,9,17.70,14,5,0,32,1,3,46,117,5.11,8.36,5.80
Jaguars,JAX,16,WR,551028042,Justin Jefferson,7,0,385,18,3,7.80,0,3,0,0,0,0,0,0,0.00,0.00,0.00
Jaguars,JAX,16,WR,551027871,Tee Higgins,7,0,351,89,2,0.00,0,4,0,0,0,0,0,0,0.00,0.00,0.00
Jaguars,JAX,16,TE,551027633,Mike Gesicki,9,0,8900,88,4,3.20,3,2,0,3,0,0,0,2,0.00,0.67,0.28
Jaguars,JAX,16,TE,551027847,Hunter Henry,11,0,8046,87,2,18.10,0,2,1,0,0,0,0,0,0.00,0.00,0.00
Jaguars,JAX,16,WR,551027884,Tyreek Hill,11,0,8052,84,3,0.00,0,5,0,0,0,0,0,0,0.00,0.00,0.00
Jets,NYJ,17,WR,551029843,Luke Norman,1,0,3858,7,7,137.20,0,16,0,0,0,0,0,0,0.00,0.00,0.00
Jets,NYJ,17,WR,551029829,Stan Bush,1,0,4089,12,1,0.00,0,1,0,0,0,0,0,0,0.00,0.00,0.00
Jets,NYJ,17,HB,551029126,Will Shipley,3,0,10244,31,3,6.60,10,5,0,12,0,0,21,46,7.00,4.60,3.44
Jets,NYJ,17,QB,551028964,Anthony Richardson,4,3,2609,5,11,57.84,44,11,2,17,2,0,75,174,6.82,3.95,11.96
Jets,NYJ,17,HB,551026688,Israel Abanikanda,4,4,361,0,7,16.90,20,4,0,11,2,0,20,47,2.86,2.35,2.15
Jets,NYJ,17,WR,551027385,Jahan Dotson,5,0,4191,81,5,29.90,0,6,1,0,0,0,0,0,0.00,0.00,0.00
Jets,NYJ,17,TE,551028163,Brevin Jordan,6,0,1379,9,4,25.50,0,6,0,0,0,0,0,0,0.00,0.00,0.00
Jets,NYJ,17,WR,551028587,Elijah Moore,6,0,1162,82,2,27.70,3,1,0,7,0,0,0,16,0.00,5.33,3.20
Jets,NYJ,17,TE,551027584,Pat Freiermuth,6,0,1377,89,7,47.10,0,9,2,0,0,0,0,0,0.00,0.00,0.00
Jets,NYJ,17,HB,551027477,Travis Etienne Jr,6,0,1365,1,11,50.00,98,29,1,23,4,1,148,425,13.45,4.34,37.53
Jets,NYJ,17,WR,551026791,Tutu Atwell,6,0,1315,87,2,-2.00,0,5,1,0,0,0,0,0,0.00,0.00,0.00
Jets,NYJ,17,QB,551028399,Marcus Mariota,12,0,6979,8,4,-0.70,5,1,0,2,0,0,1,-7,0.25,-1.40,-0.77
Lions,DET,18,WR,551029867,Jorvante Campbell,0,3,3651,11,9,79.40,3,12,3,3,0,0,3,-5,0.33,-1.67,-0.09
Lions,DET,18,WR,551029898,Kenny Lowe,0,0,4067,80,4,0.00,0,4,2,0,0,0,0,0,0.00,0.00,0.00
Lions,DET,18,HB,551029047,Adrian Burnett,1,0,3842,25,3,-2.00,0,3,1,0,0,0,0,0,0.00,0.00,0.00
Lions,DET,18,TE,551028693,Jose Borden,1,0,3347,88,3,21.50,0,4,0,0,0,0,0,0,0.00,0.00,0.00
Lions,DET,18,WR,551029823,Austin Childress,2,0,3938,81,6,89.00,3,8,1,9,1,0,3,8,0.50,2.67,-0.02
Lions,DET,18,HB,551027721,Isaac Guerendo,3,0,10091,26,7,12.00,16,9,0,41,0,1,28,95,4.00,5.94,14.48
Lions,DET,18,WR,551028648,Malik Nabers,3,0,10192,10,3,44.20,1,6,0,1,0,0,1,1,0.33,1.00,0.56
Lions,DET,18,HB,551028990,Bijan Robinson,4,0,2613,20,10,110.60,114,26,4,61,9,3,246,538,24.60,4.72,36.67
Lions,DET,18,HB,551026903,Tank Bigsby,4,0,2539,28,7,19.30,35,7,1,16,2,0,51,135,7.29,3.86,14.06
Lions,DET,18,TE,551029706,Jelani Woods,5,0,2050,87,4,24.10,0,5,0,0,0,0,0,0,0.00,0.00,0.00
Lions,DET,18,QB,551028353,Jordan Love,7,0,433,10,8,25.58,13,0,1,0,0,0,1,-22,0.13,-1.69,-1.96
Lions,DET,18,WR,551028042,Justin Jefferson,7,0,385,18,5,9.40,0,6,0,0,0,0,0,0,0.00,0.00,0.00
Packers,GB,19,WR,551029871,Chris Brown,0,0,4089,84,4,10.00,0,8,1,0,0,0,0,0,0.00,0.00,0.00
Packers,GB,19,HB,551028064,Montrell Barclay,0,0,3761,1,13,100.40,166,33,1,60,9,6,335,871,25.77,5.25,66.19
Packers,GB,19,QB,551027082,Jamie McKinney,1,0,3362,19,4,9.20,11,0,0,7,1,0,0,32,0.00,2.91,0.39
Packers,GB,19,HB,551028375,Raekwon Ellington,2,0,3858,15,4,0.00,0,6,0,0,0,0,0,0,0.00,0.00,0.00
Packers,GB,19,QB,551027283,Jayden Daniels,3,0,10048,5,12,66.06,47,3,3,19,3,0,20,262,1.67,5.57,23.53
Packers,GB,19,WR,551027197,Keon Coleman,3,0,10038,0,8,115.00,2,17,2,7,0,0,-1,6,-0.13,3.00,0.44
Packers,GB,19,WR,551028441,Luke McCaffrey,3,0,10166,12,9,111.20,1,14,2,5,0,0,0,5,0.00,5.00,0.04
Packers,GB,19,HB,551027221,James Cook,5,0,1304,4,12,49.90,59,10,0,75,4,2,129,382,10.75,6.47,43.74
Packers,GB,19,WR,551027871,Tee Higgins,7,0,351,89,1,3.70,0,2,0,0,0,0,0,0,0.00,0.00,0.00
Packers,GB,19,TE,551028237,Dawson Knox,8,0,9546,88,1,4.10,0,1,0,0,0,0,0,0,0.00,0.00,0.00
Packers,GB,19,WR,551027662,Chris Godwin,10,0,8567,89,2,22.40,0,1,1,0,0,0,0,0,0.00,0.00,0.00
Packers,GB,19,TE,551028229,George Kittle,10,0,8622,85,6,11.10,0,15,1,0,0,0,0,0,0.00,0.00,0.00
Panthers,CAR,20,HB,551029223,Dom Jennings,0,0,3400,37,4,28.70,17,0,0,10,4,0,17,47,4.25,2.76,2.45
Panthers,CAR,20,WR,551029885,Manny Luckett,0,0,3769,83,3,-4.00,0,3,2,0,0,0,0,0,0.00,0.00,0.00
Panthers,CAR,20,TE,551028012,Nick Meyer,1,0,3666,80,4,1.30,4,3,0,7,0,0,11,13,2.75,3.25,1.25
Panthers,CAR,20,HB,551027598,Jalen Gilyard,2,0,3410,21,1,0.00,0,1,0,0,0,0,0,0,0.00,0.00,0.00
Panthers,CAR,20,QB,551028677,Bo Nix,3,0,10195,10,11,66.58,26,3,0,27,3,2,34,165,3.09,6.35,10.79
Panthers,CAR,20,WR,551028302,Xavier Legette,3,0,10156,17,2,8.70,0,3,0,0,0,0,0,0,0.00,0.00,1.22
Panthers,CAR,20,WR,551029209,Jaxon Smith-Njigba,4,0,2401,84,1,0.00,0,2,0,0,0,0,0,0,0.00,0.00,0.00
Panthers,CAR,20,WR,551028546,Marvin Mims Jr,4,0,2312,18,4,8.40,0,5,0,0,0,0,0,0,0.00,0.00,0.00
Panthers,CAR,20,TE,551028244,Tucker Kraft,4,0,2279,81,1,0.00,0,1,0,0,0,0,0,0,0.00,0.00,0.00
Panthers,CAR,20,WR,551028519,Bo Melton,5,0,1850,82,2,13.70,0,3,0,0,0,0,0,0,0.00,0.00,0.00
Panthers,CAR,20,HB,551028765,Isiah Pacheco,5,0,1875,44,13,112.60,156,40,1,26,5,1,187,659,14.38,4.22,56.54
Panthers,CAR,20,TE,551028439,Trey McBride,5,6,1830,85,7,80.80,0,13,0,0,0,0,0,0,0.00,0.00,0.00
Panthers,CAR,20,WR,551027754,K.J. Hamler,7,0,739,88,3,-4.00,0,1,2,0,0,0,0,0,0.00,0.00,0.00
Patriots,NE,21,TE,551027245,Jose Short,0,0,3704,81,2,2.90,0,2,0,0,0,0,0,0,0.00,0.00,0.00
Patriots,NE,21,HB,551029707,Ron Thomas,1,0,3926,21,13,104.50,159,25,1,66,8,4,224,802,17.23,5.04,62.93
Patriots,NE,21,WR,551029171,Ainias Smith,3,0,10249,82,1,0.00,0,1,0,0,0,0,0,0,0.00,0.00,0.00
Patriots,NE,21,HB,551027236,Blake Corum,3,0,10043,22,6,9.60,34,4,0,21,1,1,51,133,8.50,3.91,15.13
Patriots,NE,21,QB,551028430,Drake Maye,3,9,10165,10,8,22.44,20,3,6,20,1,2,19,122,2.38,6.10,14.64
Patriots,NE,21,WR,551029667,Johnny Wilson,3,0,10301,89,2,7.50,1,2,0,0,0,0,1,-6,0.50,-6.00,-0.30
Patriots,NE,21,WR,551028795,Ricky Pearsall,3,0,10206,14,7,75.80,3,6,0,3,0,0,0,2,0.00,0.67,-0.04
Patriots,NE,21,WR,551028703,Rome Odunze,3,0,10199,15,6,15.30,4,7,0,5,0,0,-1,8,-0.17,2.00,0.38
Patriots,NE,21,QB,551028918,Spencer Rattler,3,0,10220,18,1,1.00,2,0,0,7,0,0,0,10,0.00,5.00,3.33
Patriots,NE,21,TE,551028100,Theo Johnson,3,11,10130,87,6,51.10,0,10,1,0,0,0,0,0,0.00,0.00,0.00
Patriots,NE,21,QB,551027915,Hendon Hooker,4,0,2581,2,7,-1.90,11,3,3,10,0,0,4,41,0.57,3.73,2.16
Raiders,LV,22,TE,551027233,Damien Carmichael,0,0,10354,89,8,29.60,0,10,0,0,0,0,0,0,0.00,0.00,0.00
Raiders,LV,22,HB,551026724,Demario Harrison,0,0,3942,33,2,1.20,7,1,0,4,0,0,0,4,0.00,0.57,1.40
Raiders,LV,22,TE,551028341,Nick Arnold,2,0,3673,87,2,0.20,1,3,0,2,0,0,2,2,1.00,2.00,0.11
Raiders,LV,22,QB,551027239,Ryland McPherron,2,0,4204,17,5,16.18,8,1,2,6,0,0,0,22,0.00,2.75,2.86
Raiders,LV,22,HB,551028336,MarShawn Lloyd,3,0,10161,32,11,82.70,121,41,2,57,12,4,189,702,17.18,5.80,68.15
Raiders,LV,22,WR,551027577,Troy Franklin,3,3,10077,16,3,7.40,2,2,0,1,0,0,0,-2,0.00,-1.00,0.04
Raiders,LV,22,HB,551029418,Tyrone Tracy Jr,3,0,10268,38,10,33.30,53,21,2,25,3,1,82,193,8.20,3.64,9.13
Raiders,LV,22,WR,551027150,Ja'Marr Chase,6,0,1370,1,8,41.90,2,10,0,10,0,0,4,11,0.50,5.50,0.36
Raiders,LV,22,QB,551027526,Justin Fields,6,0,1366,2,10,49.30,37,4,0,40,5,1,20,123,2.00,3.32,10.18
Raiders,LV,22,WR,551027304,Gabe Davis,7,0,238,11,6,25.00,7,5,0,17,1,0,6,24,1.00,3.43,1.74
Raiders,LV,22,WR,551027601,Russell Gage Jr,9,0,9779,6,4,22.80,0,4,0,0,0,0,0,0,0.00,0.00,0.00
Rams,LAR,23,WR,551029855,Nick McClellan,0,0,3845,85,4,38.30,1,6,0,3,0,0,0,3,0.00,3.00,0.73
Rams,LAR,23,TE,551028529,Ross Norwood,0,0,3869,83,5,33.80,0,10,2,0,0,0,0,0,0.00,0.00,0.00
Rams,LAR,23,TE,551028088,Ben Thompson,1,0,3362,81,2,19.50,0,2,0,0,0,0,0,0,0.00,0.00,0.00
Rams,LAR,23,WR,551029850,Lindsey Hurts,1,0,3809,86,1,27.00,0,3,0,0,0,0,0,0,0.00,0.00,0.00
Rams,LAR,23,QB,551026795,Brendan Taylor,2,0,4082,6,1,15.40,3,0,1,10,0,0,4,15,4.00,5.00,7.50
Rams,LAR,23,HB,551026918,Bruce Bright,2,0,3937,13,13,95.40,111,23,4,74,7,2,82,431,6.31,3.88,29.99
Rams,LAR,23,FB,551029648,Chet Chamberlain,2,0,3370,39,1,0.20,1,0,0,2,0,0,2,2,2.00,2.00,0.29
Rams,LAR,23,WR,551029814,Cortney Brownlee,2,0,10349,10,4,-2.00,0,4,1,0,0,0,0,0,0.00,0.00,0.00
Rams,LAR,23,WR,551027592,Jermaine Rush,2,0,3766,87,5,41.50,0,6,2,0,0,0,0,0,0.00,0.00,0.00
Rams,LAR,23,HB,551028792,Nathan McDaniels,2,0,3491,23,3,-0.10,5,1,0,2,0,0,5,-1,1.67,-0.20,-0.22
Rams,LAR,23,QB,551029616,Caleb Williams,3,0,10296,15,8,35.00,36,6,4,27,4,1,11,190,1.38,5.28,18.70
Rams,LAR,23,HB,551029482,Deuce Vaughn,4,7,2443,25,5,13.90,29,4,0,9,2,0,13,89,2.60,3.07,29.68
Rams,LAR,23,QB,551027731,Jake Haener,4,0,2575,16,1,0.80,2,1,0,5,0,0,1,8,1.00,4.00,2.00
Rams,LAR,23,WR,551028550,Jonathan Mingo,4,22,2314,9,1,8.30,0,2,0,0,0,0,0,0,0.00,0.00,0.00
Rams,LAR,23,QB,551028838,Kenny Pickett,5,0,1889,2,2,12.88,8,0,1,9,0,0,0,36,0.00,4.50,18.00
Rams,LAR,23,WR,551029109,Rashid Shaheed,5,0,4928,22,5,16.40,1,3,1,7,0,0,0,7,0.00,7.00,0.96
Ravens,BAL,24,HB,551029481,Christian Brown,0,0,3491,33,11,40.20,82,12,0,11,3,0,77,209,7.00,2.55,19.09
Ravens,BAL,24,WR,551029891,James Chavez,0,0,3963,88,6,19.40,6,4,0,6,0,0,1,3,0.17,0.50,0.12
Ravens,BAL,24,TE,551028803,Austin Donahue,1,0,3384,89,2,6.00,0,1,0,0,1,0,0,0,0.00,0.00,0.00
Ravens,BAL,24,TE,551028473,Tim Warren,1,0,3404,82,7,100.30,0,11,1,0,0,0,0,0,0.00,0.00,0.00
Ravens,BAL,24,WR,551027520,Nygel Haynes,2,0,3946,5,7,-4.00,0,11,2,0,0,0,0,0,0.00,0.00,0.00
Ravens,BAL,24,HB,551028496,Jaleel McLaughlin,4,0,0,30,3,14.00,12,2,1,6,1,0,5,11,1.67,0.92,2.03
Ravens,BAL,24,WR,551028839,Alec Pierce,5,0,4060,10,5,28.40,1,7,0,3,0,0,3,3,0.60,3.00,0.10
Ravens,BAL,24,WR,551026798,Calvin Austin,5,0,1150,80,3,0.00,0,6,0,0,0,0,0,0,0.00,0.00,0.00
Ravens,BAL,24,TE,551028857,Kyle Pitts,6,0,3807,0,8,17.30,4,9,0,6,0,0,0,11,0.00,2.75,0.90
Ravens,BAL,24,HB,551027791,Najee Harris,6,0,10355,22,6,17.60,18,6,0,22,1,1,27,92,4.50,5.11,6.41
Ravens,BAL,24,WR,551028057,Jerry Jeudy,7,0,3696,7,3,18.20,1,5,1,10,0,0,1,10,0.33,10.00,1.33
Ravens,BAL,24,WR,551028854,Michael Pittman Jr,7,0,532,11,1,5.60,0,2,0,0,0,0,0,0,0.00,0.00,0.00
Ravens,BAL,24,QB,551028015,Lamar Jackson,9,0,3851,8,11,99.76,52,6,0,26,9,1,18,237,1.64,4.56,16.50
Saints,NO,26,HB,551029751,Bryce Tharpe,0,0,3763,16,12,56.40,80,19,0,27,1,1,45,334,3.75,4.18,18.97
Saints,NO,26,WR,551029857,Darnell Meadows,0,0,3761,1,2,11.40,0,4,1,0,0,0,0,0,0.00,0.00,0.00
Saints,NO,26,WR,551026731,Deon Langham,1,0,3410,82,3,28.10,0,4,1,0,0,0,0,0,0.00,0.00,0.00
Saints,NO,26,WR,551029283,Jermaine Payne,1,0,3403,88,4,19.60,0,5,0,0,0,0,0,0,0.00,0.00,0.00
Saints,NO,26,HB,551029778,Danny Brothers,2,6,3522,36,9,27.80,62,11,1,20,2,1,77,236,8.56,3.81,29.20
Saints,NO,26,TE,551029335,Gary Chambers,2,0,3360,81,5,41.40,0,8,1,0,0,0,0,0,0.00,0.00,0.00
Saints,NO,26,HB,551027987,Bucky Irving,3,0,10113,7,2,8.00,2,1,0,5,1,0,0,7,0.00,3.50,2.33
Saints,NO,26,HB,551028997,James Robinson,7,0,553,32,2,2.40,11,0,0,6,0,0,0,21,0.00,1.91,1.23
Saints,NO,26,TE,551028732,Josh Oliver,8,0,9590,84,1,2.50,0,1,0,0,0,0,0,0,0.00,0.00,0.00
Saints,NO,26,FB,551026919,Khari Blasingame,8,0,100,34,1,0.60,1,0,0,6,0,0,0,6,0.00,6.00,0.50
Saints,NO,26,QB,551028636,Kyler Murray,8,0,9583,3,13,88.32,67,5,1,45,7,5,52,474,4.00,7.07,39.21
Saints,NO,26,WR,551027768,Mecole Hardman Jr,8,0,9489,85,4,0.00,0,6,0,0,0,0,0,0,0.00,0.00,0.00
Saints,NO,26,WR,551026696,Davante Adams,13,0,6328,83,5,52.90,1,6,0,2,0,0,0,2,0.00,2.00,0.10
Seahawks,SEA,27,WR,551029844,Spencer Lambert,1,0,3977,13,2,0.00,0,2,0,0,0,0,0,0,0.00,0.00,0.00
Seahawks,SEA,27,WR,551029828,Tyrone Gates,2,0,3522,87,3,6.10,0,4,0,0,0,0,0,0,0.00,0.00,0.00
Seahawks,SEA,27,WR,551028552,Adonai Mitchell,3,6,10183,86,1,6.70,0,0,1,0,0,0,0,0,0.00,0.00,0.00
Seahawks,SEA,27,TE,551028720,Chigoziem Okonkwo,5,0,1869,85,6,31.30,0,10,0,0,0,0,0,0,0.00,0.00,0.00
Seahawks,SEA,27,FB,551027863,Connor Heyward,5,0,1764,34,2,0.00,0,3,0,0,0,0,0,0,0.00,0.00,0.00
Seahawks,SEA,27,HB,551028840,Dameon Pierce,5,0,1891,28,13,72.70,100,26,0,28,1,1,111,403,8.54,4.03,36.01
Seahawks,SEA,27,QB,551029656,Malik Willis,5,0,2039,7,13,142.20,77,14,5,30,9,9,46,588,3.54,7.64,44.44
Seahawks,SEA,27,QB,551027938,Sam Howell,5,0,1770,5,6,-1.00,10,0,0,0,0,0,0,-10,0.00,-1.00,-1.04
Seahawks,SEA,27,WR,551027061,Treylon Burks,5,0,1226,16,2,0.00,0,6,0,0,0,0,0,0,0.00,0.00,0.00
Seahawks,SEA,27,WR,551029406,Kadarius Toney,6,0,0,0,2,28.80,0,4,2,0,0,0,0,0,0.00,0.00,0.00
Seahawks,SEA,27,WR,551027008,A.J. Brown,8,0,9397,17,4,35.60,0,5,1,0,0,0,0,0,0.00,0.00,0.00
Seahawks,SEA,27,WR,551029058,Deebo Samuel Sr,8,0,9618,1,10,78.50,3,15,1,7,0,0,0,15,0.00,5.00,1.95
Seahawks,SEA,27,TE,551029168,Irv Smith Jr,8,0,9633,81,3,15.30,0,2,1,0,0,0,0,0,0.00,0.00,0.00
Seahawks,SEA,27,HB,551026834,Saquon Barkley,9,15,8813,27,9,16.00,18,8,0,11,0,0,19,71,2.11,3.94,9.16
Seahawks,SEA,27,WR,551029059,Curtis Samuel,10,0,8716,12,1,3.30,0,1,0,0,0,0,0,0,0.00,0.00,0.00
Steelers,PIT,28,WR,551029865,Ryland Logan,0,6,3380,88,1,0.00,0,1,0,0,0,0,0,0,0.00,0.00,0.00
Steelers,PIT,28,QB,551028070,Bobby Allan,1,0,3667,7,12,88.06,48,3,1,39,4,3,47,331,3.92,6.90,23.00
Steelers,PIT,28,HB,551029286,Dorian Edwards,1,0,3942,12,2,0.50,1,1,0,5,0,0,0,5,0.00,5.00,0.28
Steelers,PIT,28,HB,551027889,Sean Moreland,1,0,3704,27,9,21.70,52,15,0,69,3,1,50,224,5.56,4.31,29.26
Steelers,PIT,28,WR,551028546,Marvin Mims Jr,4,0,2312,18,2,41.30,0,3,0,0,0,0,0,0,0.00,0.00,0.00
Steelers,PIT,28,WR,551029237,Amon-Ra St. Brown,6,0,1313,14,7,140.20,1,11,2,3,0,0,0,3,0.00,3.00,0.04
Steelers,PIT,28,WR,551028591,Rondale Moore,6,0,1264,81,6,25.10,0,10,0,0,0,0,0,0,0.00,0.00,0.00
Steelers,PIT,28,TE,551028232,Cole Kmet,7,0,711,87,3,13.40,0,5,0,0,0,0,0,0,0.00,0.00,0.00
Steelers,PIT,28,HB,551029321,Jonathan Taylor,7,0,604,26,13,116.80,167,45,0,59,9,7,297,977,22.85,5.85,67.61
Steelers,PIT,28,WR,551029292,Courtland Sutton,9,0,9072,84,2,0.00,0,2,0,0,0,0,0,0,0.00,0.00,0.00
Steelers,PIT,28,FB,551028177,Kyle Juszczyk,14,0,6869,44,3,1.80,2,2,0,4,0,0,2,6,0.67,3.00,0.38
Texans,HOU,31,HB,551028861,Jahlil Shields,0,0,3347,33,13,69.80,169,25,0,65,3,2,107,701,8.23,4.15,53.97
Texans,HOU,31,WR,551029889,Justin Holmes,0,0,10353,18,5,5.10,2,3,0,5,0,0,0,7,0.00,3.50,0.42
Texans,HOU,31,WR,551029852,Terry Vincent,1,0,3937,88,2,0.00,0,3,0,0,0,0,0,0,0.00,0.00,0.00
Texans,HOU,31,TE,551027257,Zack Daniels,1,0,3666,12,5,15.10,0,10,1,0,0,0,0,0,0.00,0.00,0.00
Texans,HOU,31,QB,551029686,Jason Devlin,2,0,3360,5,5,2.70,14,0,1,10,0,0,0,47,0.00,3.36,5.63
Texans,HOU,31,QB,551027099,Peter Greco,2,0,3404,8,8,55.20,14,2,2,16,0,0,2,88,0.25,6.29,13.13
Texans,HOU,31,WR,551028649,Puka Nacua,4,0,4785,1,9,156.80,5,5,1,8,1,0,0,11,0.00,2.20,1.94
Texans,HOU,31,HB,551029639,Kyren Williams,5,5,2036,23,3,3.60,5,2,0,8,0,0,2,19,0.67,3.80,3.09
Texans,HOU,31,WR,551029501,Jaylen Waddle,6,0,1374,17,6,92.30,6,6,1,19,0,0,8,45,1.33,7.50,1.33
Texans,HOU,31,HB,551026718,Cam Akers,7,0,72,37,1,6.00,1,0,0,0,1,0,0,0,0.00,0.00,0.00
Texans,HOU,31,HB,551029299,D'Andre Swift,7,0,599,4,8,40.10,23,2,1,38,6,1,4,108,0.50,4.70,6.50
Texans,HOU,31,TE,551029084,Dalton Schultz,9,0,9050,85,2,7.90,0,2,0,0,0,0,0,0,0.00,0.00,0.00
Titans,TEN,29,HB,551027651,Dom Murrell,0,0,3858,24,9,34.80,58,17,0,11,1,0,46,186,5.11,3.21,19.68
Titans,TEN,29,WR,551027954,Andrew Roth,1,6,4082,10,8,93.60,2,14,1,4,0,0,0,7,0.00,3.50,0.67
Titans,TEN,29,QB,551029426,Larry Alexander,1,0,4089,13,5,25.78,18,6,1,8,2,0,4,60,0.80,3.33,5.99
Titans,TEN,29,WR,551027368,Oscar Pryor,1,0,10341,22,1,15.60,0,1,0,0,0,0,0,0,0.00,0.00,0.00
Titans,TEN,29,HB,551029523,Stephen Blake,1,0,3938,28,3,0.90,5,2,0,4,0,0,1,9,0.33,1.80,1.20
Titans,TEN,29,WR,551029846,Thomas Bradshaw,1,0,3884,7,5,30.60,0,11,2,0,0,0,0,0,0.00,0.00,0.00
Titans,TEN,29,TE,551029609,Jared Wiley,3,0,10294,86,5,40.50,0,9,0,0,0,0,0,0,0.00,0.00,0.00
Titans,TEN,29,QB,551029440,Clayton Tune,4,0,2633,17,2,1.30,2,1,0,8,0,0,2,13,1.00,6.50,1.45
Titans,TEN,29,WR,551028107,Quentin Johnston,4,0,2241,1,2,12.00,0,5,0,0,0,0,0,0,0.00,0.00,0.00
Titans,TEN,29,TE,551028271,Sam LaPorta,4,0,2286,87,4,63.40,0,11,0,0,0,0,0,0,0.00,0.00,0.00
Titans,TEN,29,WR,551028729,Chris Olave,5,0,1870,12,5,36.20,0,10,1,0,0,0,0,0,0.00,0.00,0.00
Titans,TEN,29,HB,551029508,Kenneth Walker III,5,39,2005,9,2,5.80,27,3,0,9,2,0,27,66,13.50,2.44,40.00
Titans,TEN,29,HB,551027162,Nick Chubb,9,7,8846,2,8,42.60,68,12,1,18,2,0,77,209,9.63,3.07,21.58
Titans,TEN,29,WR,551027361,Stefon Diggs,12,0,7085,82,1,22.30,0,1,0,0,0,0,0,0,0.00,0.00,0.00
Vikings,MIN,30,HB,551029534,Harold Golden,0,0,4080,26,13,101.10,165,29,4,73,7,7,331,897,25.46,5.44,76.28
Vikings,MIN,30,WR,551029833,James Levine,1,0,3938,84,9,38.60,0,11,0,0,0,0,0,0,0.00,0.00,0.00
Vikings,MIN,30,TE,551027133,Taylor Francisco,2,0,3970,81,2,1.50,0,2,0,0,0,0,0,0,0.00,0.00,0.00
Vikings,MIN,30,WR,551028552,Adonai Mitchell,3,6,10183,86,3,10.80,3,3,0,34,1,1,4,48,1.33,16.00,5.02
Vikings,MIN,30,TE,551026956,Brock Bowers,3,3,10018,89,7,66.10,0,8,1,0,0,0,0,0,0.00,0.00,0.00
Vikings,MIN,30,QB,551028446,J.J. McCarthy,3,0,10167,9,12,61.12,32,3,7,39,3,4,45,292,3.75,9.12,19.49
Vikings,MIN,30,WR,551027061,Treylon Burks,5,0,1226,16,4,16.40,0,10,1,0,0,0,0,0,0.00,0.00,0.00
Vikings,MIN,30,WR,551029177,DeVonta Smith,6,0,1369,6,9,31.90,2,8,2,1,0,0,2,1,0.22,0.50,0.03
Vikings,MIN,30,TE,551029427,Tommy Tremble,6,0,1376,82,1,0.00,0,1,0,0,0,0,0,0,0.00,0.00,0.00
Vikings,MIN,30,HB,551027637,Antonio Gibson,7,0,297,4,5,1.20,5,3,0,5,0,0,7,12,1.40,2.40,1.96
Vikings,MIN,30,TE,551028595,Foster Moreau,8,0,9579,80,1,0.00,0,1,0,0,0,0,0,0,0.00,0.00,0.00
Vikings,MIN,30,HB,551028440,Christian McCaffrey,10,3,8655,21,10,19.70,21,9,0,38,1,1,30,107,3.00,5.10,11.81
Vikings,MIN,30,FB,551028957,Patrick Ricard,10,0,9274,42,1,0.10,1,0,0,1,0,0,1,1,1.00,1.00,0.09
Vikings,MIN,30,HB,551027846,Derrick Henry,11,0,8045,39,3,7.30,4,1,0,11,1,0,2,13,0.67,3.25,5.78
